Rank_x,Player,CMP_PASSING,ATT_PASSING,PCT_PASSING,YDS_PASSING,Y/A_PASSING,TD_PASSING,INT_PASSING,SACKS_PASSING,ATT_RUSHING,YDS_RUSHING,TD_RUSHING,FL_MISC,G_MISC,FPTS_MISC,FPTS/G_MISC,ROST_MISC,Season,pid,Rank_y,Player Team (Bye),POS,Yahoo,Sleeper,RTSports,AVG
1,Cam Newton (FA),296,495,59.8,3837,7.8,35,10,33,132,636,10,4,16,389.1,24.3,9.1%,2015,9869,,,,,,,
2,Tom Brady (FA),402,624,64.4,4770,7.6,36,7,38,34,53,3,2,16,344.2,21.5,1.5%,2015,9603,,,,,,,
3,Russell Wilson (DEN),329,483,68.1,4024,8.3,34,8,45,103,553,1,3,16,336.3,21.0,76.0%,2015,11180,,,,,,,
4,Blake Bortles (FA),355,606,58.6,4428,7.3,35,18,51,52,310,2,5,16,316.1,19.8,0.0%,2015,12090,,,,,,,
5,Carson Palmer (FA),342,537,63.7,4671,8.7,35,11,25,25,24,1,2,16,309.2,19.3,5.6%,2015,9098,,,,,,,
6,Drew Brees (FA),428,627,68.3,4870,7.8,32,11,31,24,14,1,2,15,304.3,20.3,35.7%,2015,9200,,,,,,,
7,Aaron Rodgers (NYJ),347,572,60.7,3821,6.7,31,8,46,58,344,1,4,16,301.3,18.8,89.4%,2015,9001,,,,,,,
8,Kirk Cousins (MIN),379,543,69.8,4166,7.7,29,11,26,26,48,5,3,16,293.5,18.3,88.4%,2015,11177,,,,,,,
9,Matthew Stafford (LAR),398,592,67.2,4262,7.2,32,13,44,44,159,1,2,16,290.2,18.1,37.5%,2015,9451,,,,,,,
10,Eli Manning (FA),387,618,62.6,4432,7.2,35,14,27,20,61,0,4,16,287.5,18.0,2.3%,2015,9213,,,,,,,
11,Ryan Fitzpatrick (FA),335,562,59.6,3905,6.9,31,15,19,60,270,2,2,16,285.1,17.8,0.0%,2015,9545,,,,,,,
12,Philip Rivers (FA),437,661,66.1,4792,7.2,29,13,40,17,28,0,2,16,284.2,17.8,20.6%,2015,9509,,,,,,,
13,Jameis Winston (NO),312,535,58.3,4042,7.6,22,15,27,54,213,6,2,16,275.1,17.2,0.7%,2015,13891,,,,,,,
14,Derek Carr (NO),350,573,61.1,3987,7.0,32,13,31,33,138,0,3,16,271.3,17.0,37.4%,2015,12092,,,,,,,
15,Tyrod Taylor (NYG),242,380,63.7,3035,8.0,20,6,36,104,568,4,1,14,271.1,19.4,0.1%,2015,10007,,,,,,,
16,Alex Smith (FA),307,470,65.3,3486,7.4,20,7,45,84,498,2,0,16,271.0,16.9,5.0%,2015,9012,,,,,,,
17,Ryan Tannehill (TEN),363,586,61.9,4208,7.2,24,12,45,32,141,1,3,16,257.7,16.1,6.6%,2015,11174,,,,,,,
18,Andy Dalton (CAR),255,386,66.1,3250,8.4,25,7,20,57,142,3,2,13,244.2,18.8,0.6%,2015,9907,,,,,,,
19,Matt Ryan (FA),407,614,66.3,4591,7.5,21,16,30,36,63,0,5,16,233.9,14.6,6.1%,2015,9444,,,,,,,
20,Ben Roethlisberger (FA),319,469,68.0,3938,8.4,21,16,20,15,29,0,0,12,228.3,19.0,13.6%,2015,9039,,,,,,,
21,Jay Cutler (FA),311,483,64.4,3659,7.6,21,11,29,38,201,1,5,15,226.3,15.1,0.2%,2015,9280,,,,,,,
22,Marcus Mariota (PHI),230,370,62.2,2818,7.6,19,10,38,34,252,2,6,12,210.6,17.6,0.7%,2015,13890,,,,,,,
23,Teddy Bridgewater (DET),292,447,65.3,3231,7.2,14,9,44,44,192,3,3,16,200.4,12.5,2.6%,2015,12088,,,,,,,
24,Sam Bradford (FA),346,532,65.0,3725,7.0,19,14,28,26,39,0,3,14,194.8,13.9,0.0%,2015,9678,,,,,,,
25,Brian Hoyer (LV),224,369,60.7,2606,7.1,19,7,25,15,44,0,2,11,166.6,15.1,0.1%,2015,9078,,,,,,,
26,Joe Flacco (FA),266,413,64.4,2791,6.8,14,12,16,13,23,3,2,10,162.1,16.2,1.0%,2015,9300,,,,,,,
27,Josh McCown (FA),186,292,63.7,2109,7.2,12,4,23,20,98,1,6,8,132.1,16.5,0.0%,2015,9327,,,,,,,
28,Andrew Luck (FA),162,293,55.3,1881,6.4,15,12,15,33,196,0,1,7,130.8,18.7,2.2%,2015,11172,,,,,,,
29,Blaine Gabbert (KC),178,282,63.1,2031,7.2,10,7,25,32,185,1,1,8,129.8,16.2,0.1%,2015,9858,,,,,,,
30,Brock Osweiler (FA),170,275,61.8,1967,7.2,10,6,23,21,61,1,1,8,116.7,14.6,0.0%,2015,11179,,,,,,,
31,Colin Kaepernick (FA),144,244,59.0,1615,6.6,6,5,28,45,256,1,1,9,110.3,12.3,0.1%,2015,9891,,,,,,,
32,Nick Foles (FA),190,337,56.4,2052,6.1,7,10,14,17,20,1,2,11,95.9,8.7,0.0%,2015,11176,,,,,,,
33,Johnny Manziel (FA),129,223,57.8,1500,6.7,7,5,19,37,230,0,3,9,95.0,10.6,0.1%,2015,12089,,,,,,,
34,Peyton Manning (FA),198,331,59.8,2249,6.8,9,17,16,6,-6,0,0,10,91.3,9.1,0.0%,2015,9507,,,,,,,
35,Matt Hasselbeck (FA),156,256,60.9,1690,6.6,9,5,16,16,15,0,2,8,91.2,11.4,0.0%,2015,9439,,,,,,,
36,Ryan Mallett (FA),136,244,55.7,1336,5.5,5,6,6,5,15,1,0,8,71.0,8.9,0.0%,2015,9864,,,,,,,
37,Matt Cassel (FA),119,204,58.3,1276,6.3,5,7,14,15,78,0,0,9,66.9,7.4,0.0%,2015,9435,,,,,,,
38,Brandon Weeden (FA),97,140,69.3,1043,7.5,5,2,10,16,47,1,1,6,66.4,11.1,0.0%,2015,11175,,,,,,,
39,AJ McCarron (FA),79,119,66.4,854,7.2,6,2,12,14,31,0,1,7,55.3,7.9,0.0%,2015,12091,,,,,,,
40,Case Keenum (HOU),76,125,60.8,828,6.6,4,1,4,12,5,0,2,6,43.6,7.3,0.0%,2015,11425,,,,,,,
41,Zach Mettenberger (FA),101,166,60.8,935,5.6,4,7,13,9,8,1,2,7,42.2,6.0,0.0%,2015,12093,,,,,,,
42,Tony Romo (FA),83,121,68.6,884,7.3,5,7,6,4,13,0,1,4,40.6,10.2,0.1%,2015,9609,,,,,,,
43,E.J. Manuel (FA),52,84,61.9,561,6.7,3,3,6,17,64,1,1,7,38.8,5.5,0.0%,2015,11683,,,,,,,
44,Jimmy Clausen (FA),72,125,57.6,739,5.9,2,4,7,11,36,0,0,4,33.1,8.3,0.0%,2015,9679,,,,,,,
45,Kellen Moore (FA),61,104,58.7,779,7.5,4,6,5,2,-1,0,1,3,33.0,11.0,0.0%,2015,11178,,,,,,,
46,Mark Sanchez (FA),59,91,64.8,616,6.8,4,4,9,6,22,0,1,4,32.8,8.2,0.1%,2015,9425,,,,,,,
47,Michael Vick (FA),40,66,60.6,371,5.6,2,1,10,20,99,0,0,5,30.7,6.1,0.1%,2015,9465,,,,,,,
48,Matt Schaub (FA),52,80,65.0,540,6.8,3,4,3,4,10,0,0,2,26.6,13.3,0.0%,2015,9445,,,,,,,
49,T.J. Yates (FA),28,57,49.1,370,6.5,3,1,5,6,0,0,1,4,22.9,5.7,0.0%,2015,9985,,,,,,,
50,Landry Jones (FA),32,55,58.2,513,9.3,3,4,2,5,-5,0,1,7,22.1,3.2,0.0%,2015,11681,,,,,,,
51,Geno Smith (SEA),27,42,64.3,265,6.3,2,1,3,2,34,0,0,1,20.0,20.0,86.4%,2015,11687,,,,,,,
52,Austin Davis (FA),56,94,59.6,547,5.8,1,3,11,7,33,0,2,3,19.2,6.4,0.0%,2015,11501,,,,,,,
53,Luke McCown (FA),32,39,82.1,335,8.6,0,1,1,0,0,0,0,8,11.4,1.4,0.0%,2015,9405,,,,,,,
54,Josh Freeman (FA),15,28,53.6,149,5.3,1,1,1,8,24,0,0,1,10.4,10.4,0.2%,2015,9325,,,,,,,
55,Dan Orlovsky (FA),22,40,55.0,201,5.0,1,1,0,0,0,0,0,3,10.0,3.3,0.0%,2015,9732,,,,,,,
56,Matt McGloin (FA),23,32,71.9,142,4.4,2,1,2,0,0,0,1,2,9.7,4.9,0.2%,2015,11907,,,,,,,
57,Colt McCoy (ARI),7,11,63.6,128,11.6,1,0,1,3,-3,0,0,2,8.8,4.4,1.2%,2015,9702,,,,,,,
58,Alex Tanney (FA),10,14,71.4,99,7.1,1,0,3,0,0,0,0,1,8.0,8.0,0.0%,2015,11412,,,,,,,
59,Ryan Nassib (FA),5,5,100.0,68,13.6,1,0,0,0,0,0,0,1,6.7,6.7,0.0%,2015,11682,,,,,,,
60,Kellen Clemens (FA),5,6,83.3,63,10.5,1,0,0,1,-1,0,0,2,6.4,3.2,0.0%,2015,9347,,,,,,,
61,Ryan Lindley (FA),6,10,60.0,58,5.8,1,0,0,0,0,0,0,1,6.3,6.3,0.0%,2015,11182,,,,,,,
62,Charlie Whitehurst (FA),16,32,50.0,150,4.7,0,1,5,2,1,0,0,4,4.0,1.0,0.4%,2015,9727,,,,,,,
63,B.J. Daniels (FA),1,2,50.0,7,3.5,0,0,0,6,6,0,0,8,3.7,0.5,0.0%,2015,11851,,,,,,,
64,Derek Anderson (FA),4,6,66.7,36,6.0,0,0,0,7,-2,0,0,3,1.2,0.4,0.0%,2015,9178,,,,,,,
65,Sean Mannion (FA),6,7,85.7,31,4.4,0,0,0,0,0,0,0,1,1.2,1.2,0.0%,2015,13930,,,,,,,
66,Tarvaris Jackson (FA),4,6,66.7,37,6.2,0,0,1,8,-8,0,0,4,0.7,0.2,0.0%,2015,9586,,,,,,,
67,Matt Moore (FA),1,1,100.0,14,14.0,0,0,0,3,-2,0,0,1,0.4,0.4,0.0%,2015,9442,,,,,,,
68,Shaun Hill (FA),2,7,28.6,15,2.1,0,0,1,4,-5,0,0,3,0.1,0.0,0.0%,2015,9563,,,,,,,
69,Chase Daniel (FA),2,2,100.0,4,2.0,0,0,0,2,-2,0,0,2,0.0,0.0,0.0%,2015,9111,,,,,,,
70,Trevor Siemian (CIN),0,0,0.0,0,0.0,0,0,0,1,-1,0,0,1,-0.1,-0.1,0.6%,2015,14142,,,,,,,
71,Scott Tolzien (FA),1,1,100.0,4,4.0,0,0,1,3,-3,0,0,3,-0.1,0.0,0.0%,2015,11157,,,,,,,
72,Joe Webb III (FA),0,0,0.0,0,0.0,0,0,0,1,-1,0,0,16,-0.1,0.0,0.0%,2015,9714,,,,,,,
73,Jimmy Garoppolo (LV),1,4,25.0,6,1.5,0,0,0,5,-5,0,0,5,-0.3,-0.1,10.7%,2015,12208,,,,,,,
74,Drew Stanton (FA),11,25,44.0,104,4.2,0,2,2,13,-13,0,0,7,-1.1,-0.2,0.0%,2015,9201,,,,,,,
75,Sean Renfree (FA),3,7,42.9,11,1.6,0,1,2,1,-4,0,0,2,-2.0,-1.0,0.0%,2015,11675,,,,,,,
1,Aaron Rodgers (NYJ),401,610,65.7,4428,7.3,40,7,35,67,369,4,4,16,380.0,23.8,89.4%,2016,9001,,,,,,,
2,Matt Ryan (FA),373,534,69.9,4944,9.3,38,7,37,35,117,0,2,16,347.5,21.7,6.1%,2016,9444,,,,,,,
3,Drew Brees (FA),471,673,70.0,5208,7.7,37,15,27,23,20,2,4,16,332.3,20.8,35.7%,2016,9200,,,,,,,
4,Andrew Luck (FA),346,545,63.5,4240,7.8,31,13,41,64,341,2,5,15,307.6,20.5,2.2%,2016,11172,,,,,,,
5,Kirk Cousins (MIN),406,606,67.0,4917,8.1,25,12,23,34,96,4,3,16,300.3,18.8,88.4%,2016,11177,,,,,,,
6,Dak Prescott (DAL),311,459,67.8,3667,8.0,23,4,25,57,282,6,4,16,287.1,17.9,92.1%,2016,15600,,,,,,,
7,Matthew Stafford (LAR),388,594,65.3,4327,7.3,24,10,37,37,207,2,2,16,279.7,17.5,37.5%,2016,9451,,,,,,,
8,Tyrod Taylor (NYG),269,436,61.7,3023,6.9,17,6,42,95,580,6,2,15,270.9,18.1,0.1%,2016,10007,,,,,,,
9,Blake Bortles (FA),368,625,58.9,3905,6.2,23,16,34,58,359,3,6,16,270.6,16.9,0.0%,2016,12090,,,,,,,
10,Russell Wilson (DEN),353,546,64.7,4219,7.7,21,11,41,72,259,1,2,16,269.1,16.8,76.0%,2016,11180,,,,,,,
11,Derek Carr (NO),357,560,63.8,3937,7.0,28,6,16,39,70,0,3,15,268.7,17.9,37.4%,2016,12092,,,,,,,
12,Andy Dalton (CAR),364,563,64.7,4206,7.5,18,8,41,46,184,4,3,16,260.6,16.3,0.6%,2016,9907,,,,,,,
13,Marcus Mariota (PHI),276,451,61.2,3426,7.6,26,9,23,60,349,2,5,15,259.9,17.3,0.7%,2016,13890,,,,,,,
14,Philip Rivers (FA),349,578,60.4,4386,7.6,33,21,36,14,35,0,5,16,258.8,16.2,20.6%,2016,9509,,,,,,,
15,Tom Brady (FA),291,432,67.4,3554,8.2,28,2,15,28,64,0,0,12,258.4,21.5,1.5%,2016,9603,,,,,,,
16,Jameis Winston (NO),345,567,60.8,4090,7.2,28,18,35,53,165,1,6,16,256.2,16.0,0.7%,2016,13891,,,,,,,
17,Cam Newton (FA),270,510,52.9,3509,6.9,19,14,36,90,359,5,2,15,254.3,17.0,9.1%,2016,9869,,,,,,,
18,Ben Roethlisberger (FA),328,509,64.4,3819,7.5,29,13,17,16,14,1,2,14,252.3,18.0,13.6%,2016,9039,,,,,,,
19,Carson Palmer (FA),364,597,61.0,4233,7.1,26,14,40,14,38,0,4,15,243.1,16.2,5.6%,2016,9098,,,,,,,
20,Joe Flacco (FA),436,672,64.9,4317,6.4,20,15,33,21,58,2,3,16,242.5,15.2,1.0%,2016,9300,,,,,,,
21,Alex Smith (FA),328,489,67.1,3502,7.2,15,8,28,48,134,5,4,15,224.4,15.0,5.0%,2016,9012,,,,,,,
22,Eli Manning (FA),377,598,63.0,4027,6.7,26,16,21,21,-9,0,4,16,224.1,14.0,2.3%,2016,9213,,,,,,,
23,Sam Bradford (FA),395,552,71.6,3877,7.0,20,5,37,20,53,0,5,15,221.4,14.8,0.0%,2016,9678,,,,,,,
24,Carson Wentz (FA),379,607,62.4,3782,6.2,16,14,33,46,150,2,3,16,213.5,13.3,4.6%,2016,15520,,,,,,,
25,Colin Kaepernick (FA),196,331,59.2,2241,6.8,16,4,36,69,468,2,3,12,200.3,16.7,0.1%,2016,9891,,,,,,,
26,Trevor Siemian (CIN),289,486,59.5,3401,7.0,18,10,31,28,57,0,2,14,191.6,13.7,0.6%,2016,14142,,,,,,,
27,Ryan Tannehill (TEN),261,389,67.1,2995,7.7,19,12,29,39,164,1,3,13,190.3,14.6,6.6%,2016,11174,,,,,,,
28,Brock Osweiler (FA),301,510,59.0,2957,5.8,15,16,27,30,131,2,1,15,168.4,11.2,0.0%,2016,11179,,,,,,,
29,Ryan Fitzpatrick (FA),228,403,56.6,2710,6.7,12,17,19,33,130,0,1,14,133.4,9.5,0.0%,2016,9545,,,,,,,
30,Case Keenum (HOU),196,322,60.9,2201,6.8,9,11,23,20,51,1,1,10,111.0,11.1,0.0%,2016,11425,,,,,,,
31,Brian Hoyer (LV),134,200,67.0,1445,7.2,6,0,4,7,-2,0,1,6,79.7,13.3,0.1%,2016,9078,,,,,,,
32,Cody Kessler (FA),128,195,65.6,1380,7.1,6,2,21,11,18,0,1,9,76.9,8.5,0.1%,2016,15644,,,,,,,
33,Blaine Gabbert (KC),91,160,56.9,925,5.8,5,6,11,40,173,2,0,6,73.2,12.2,0.1%,2016,9858,,,,,,,
34,Matt Barkley (BUF),129,216,59.7,1611,7.5,8,14,6,7,2,0,2,7,71.3,10.2,0.1%,2016,11686,,,,,,,
35,Robert Griffin III (FA),87,147,59.2,886,6.0,2,3,22,31,190,2,1,5,66.5,13.3,1.0%,2016,11173,,,,,,,
36,Matt Moore (FA),55,87,63.2,721,8.3,8,3,1,1,-1,0,0,4,54.7,13.7,0.0%,2016,9442,,,,,,,
37,Jared Goff (DET),112,205,54.6,1089,5.3,5,7,26,8,16,1,2,7,53.2,7.6,61.0%,2016,15501,,,,,,,
38,Josh McCown (FA),90,165,54.5,1100,6.7,6,6,18,7,21,0,4,5,52.1,10.4,0.0%,2016,9327,,,,,,,
39,Jay Cutler (FA),81,137,59.1,1059,7.7,4,5,17,5,24,0,2,5,46.8,9.4,0.2%,2016,9280,,,,,,,
40,Jimmy Garoppolo (LV),43,63,68.3,502,8.0,4,0,3,10,6,0,1,6,35.5,5.9,10.7%,2016,12208,,,,,,,
41,Landry Jones (FA),53,86,61.6,558,6.5,4,2,4,6,-4,0,0,8,33.9,4.2,0.0%,2016,11681,,,,,,,
42,Bryce Petty (FA),75,133,56.4,809,6.1,3,7,13,5,19,0,1,6,32.3,5.4,0.0%,2016,13927,,,,,,,
43,Paxton Lynch (FA),49,83,59.0,497,6.0,2,1,9,11,25,0,0,3,28.4,9.5,0.1%,2016,15493,,,,,,,
44,Jacoby Brissett (WAS),34,55,61.8,400,7.3,0,0,6,16,83,1,1,3,28.3,9.4,1.3%,2016,15642,,,,,,,
45,Nick Foles (FA),36,55,65.5,410,7.5,3,0,4,4,-4,0,0,3,28.0,9.3,0.0%,2016,11176,,,,,,,
46,Tom Savage (FA),46,73,63.0,461,6.3,0,0,5,6,12,0,1,3,17.6,5.9,0.0%,2016,12097,,,,,,,
47,Kevin Hogan (FA),14,26,53.8,104,4.0,0,2,2,8,105,1,0,4,16.7,4.2,0.0%,2016,15798,,,,,,,
48,Derek Anderson (FA),36,53,67.9,453,8.5,2,5,0,1,4,0,1,6,16.5,2.8,0.0%,2016,9178,,,,,,,
49,Matt Cassel (FA),30,51,58.8,284,5.6,2,2,5,4,3,0,0,4,15.7,3.9,0.0%,2016,9435,,,,,,,
50,Shaun Hill (FA),19,35,54.3,242,6.9,0,0,1,5,5,0,0,3,10.1,3.4,0.0%,2016,9563,,,,,,,
51,Charlie Whitehurst (FA),14,24,58.3,182,7.6,1,1,2,2,1,0,0,1,9.4,9.4,0.4%,2016,9727,,,,,,,
52,Drew Stanton (FA),19,48,39.6,192,4.0,2,3,1,3,-3,0,0,5,9.4,1.9,0.0%,2016,9201,,,,,,,
53,Mike Glennon (FA),10,11,90.9,75,6.8,1,0,0,0,0,0,0,2,9.0,4.5,0.6%,2016,11685,,,,,,,
54,Scott Tolzien (FA),23,37,62.2,216,5.8,1,2,3,6,3,0,0,3,8.9,3.0,0.0%,2016,11157,,,,,,,
55,Trevone Boykin (FA),13,18,72.2,145,8.1,1,1,1,8,1,0,0,5,7.9,1.6,0.0%,2016,15915,,,,,,,
56,Geno Smith (SEA),8,14,57.1,126,9.0,1,1,3,2,9,0,0,2,7.9,4.0,86.4%,2016,11687,,,,,,,
57,E.J. Manuel (FA),11,26,42.3,131,5.0,0,0,3,8,22,0,1,6,7.4,1.2,0.0%,2016,11683,,,,,,,
58,Connor Cook (FA),14,21,66.7,150,7.1,1,1,2,0,0,0,1,1,6.0,6.0,0.0%,2016,15517,,,,,,,
59,Tony Romo (FA),3,4,75.0,29,7.3,1,0,0,0,0,0,0,1,5.2,5.2,0.1%,2016,9609,,,,,,,
60,Cardale Jones (FA),6,11,54.5,96,8.7,0,1,1,1,-1,0,0,1,1.7,1.7,0.0%,2016,15606,,,,,,,
61,Matt McGloin (FA),8,15,53.3,50,3.3,0,0,0,3,-3,0,0,3,1.7,0.6,0.2%,2016,11907,,,,,,,
62,David Fales (FA),2,5,40.0,22,4.4,0,0,1,1,0,0,0,1,0.9,0.9,0.0%,2016,12283,,,,,,,
63,Joe Webb III (FA),0,0,0.0,0,0.0,0,0,0,0,0,0,0,14,0.8,0.1,0.0%,2016,9714,,,,,,,
64,Chase Daniel (FA),1,1,100.0,16,16.0,0,0,0,0,0,0,0,1,0.6,0.6,0.0%,2016,9111,,,,,,,
65,Matt Schaub (FA),1,3,33.3,16,5.3,0,0,0,2,-2,0,0,4,0.4,0.1,0.0%,2016,9445,,,,,,,
66,AJ McCarron (FA),0,0,0.0,0,0.0,0,0,0,0,0,0,0,1,0.0,0.0,0.0%,2016,12091,,,,,,,
67,Josh Johnson (FA),0,0,0.0,0,0.0,0,0,0,0,0,0,0,8,0.0,0.0,0.0%,2016,12499,,,,,,,
68,Kellen Clemens (FA),0,1,0.0,0,0.0,0,0,0,2,-1,0,0,12,-0.1,0.0,0.0%,2016,9347,,,,,,,
69,Chad Henne (FA),0,0,0.0,0,0.0,0,0,0,1,-2,0,0,1,-0.2,-0.2,0.1%,2016,9101,,,,,,,
70,Mark Sanchez (FA),10,18,55.6,93,5.2,0,2,3,4,-2,0,0,2,-0.5,-0.3,0.1%,2016,9425,,,,,,,
71,Sean Mannion (FA),3,6,50.0,19,3.2,0,1,0,1,-1,0,0,1,-1.3,-1.3,0.0%,2016,13930,,,,,,,
72,Brett Hundley (FA),2,10,20.0,17,1.7,0,1,0,3,-2,0,0,4,-1.5,-0.4,0.0%,2016,13907,,,,,,,
73,Ryan Mallett (FA),3,6,50.0,26,4.3,0,1,0,5,-6,0,0,4,-1.5,-0.4,0.0%,2016,9864,,,,,,,
1,Russell Wilson (DEN),339,553,61.3,3983,7.2,34,11,43,95,586,3,3,16,347.8,21.7,76.0%,2017,11180,,,,,,,
2,Cam Newton (FA),291,492,59.1,3302,6.7,22,16,35,139,754,6,1,16,299.5,18.7,9.1%,2017,9869,,,,,,,
3,Tom Brady (FA),385,581,66.3,4577,7.9,32,8,35,25,28,0,3,16,295.9,18.5,1.5%,2017,9603,,,,,,,
4,Alex Smith (FA),341,505,67.5,4042,8.0,26,5,35,60,355,1,1,15,295.1,19.7,5.0%,2017,9012,,,,,,,
5,Carson Wentz (FA),265,440,60.2,3296,7.5,33,7,28,64,299,0,3,13,281.7,21.7,4.6%,2017,15520,,,,,,,
6,Kirk Cousins (MIN),347,540,64.3,4093,7.6,27,13,41,49,179,4,5,16,277.6,17.4,88.4%,2017,11177,,,,,,,
7,Matthew Stafford (LAR),371,565,65.7,4446,7.9,29,10,47,29,98,0,7,16,273.8,17.1,37.5%,2017,9451,,,,,,,
8,Philip Rivers (FA),360,575,62.6,4515,7.9,28,10,18,18,-2,0,1,16,270.5,16.9,20.6%,2017,9509,,,,,,,
9,Drew Brees (FA),386,536,72.0,4334,8.1,23,8,20,33,12,2,0,16,262.4,16.4,35.7%,2017,9200,,,,,,,
10,Dak Prescott (DAL),308,490,62.9,3324,6.8,22,13,32,57,357,6,3,16,260.7,16.3,92.1%,2017,15600,,,,,,,
11,Ben Roethlisberger (FA),360,561,64.2,4251,7.6,28,14,21,28,47,0,1,15,260.6,17.4,13.6%,2017,9039,,,,,,,
12,Jared Goff (DET),296,477,62.1,3804,8.0,28,7,25,28,51,1,3,15,255.3,17.0,61.0%,2017,15501,,,,,,,
13,Blake Bortles (FA),315,523,60.2,3687,7.0,21,13,24,57,322,2,3,16,249.7,15.6,0.0%,2017,12090,,,,,,,
14,Case Keenum (HOU),325,481,67.6,3547,7.4,22,7,22,40,160,1,1,15,238.1,15.9,0.0%,2017,11425,,,,,,,
15,Matt Ryan (FA),342,529,64.7,4095,7.7,20,12,24,32,143,0,3,16,228.1,14.3,6.1%,2017,9444,,,,,,,
16,Tyrod Taylor (NYG),263,420,62.6,2799,6.7,14,4,46,84,427,4,2,15,222.6,14.8,0.1%,2017,10007,,,,,,,
17,Andy Dalton (CAR),297,496,59.9,3320,6.7,25,12,39,38,99,0,4,16,210.7,13.2,0.6%,2017,9907,,,,,,,
18,Marcus Mariota (PHI),281,453,62.0,3232,7.1,13,15,27,60,312,5,1,15,210.4,14.0,0.7%,2017,13890,,,,,,,
19,Derek Carr (NO),323,515,62.7,3496,6.8,22,13,20,23,66,0,3,15,206.3,13.8,37.4%,2017,12092,,,,,,,
20,Jacoby Brissett (WAS),276,469,58.8,3098,6.6,13,7,52,63,260,4,3,16,206.0,12.9,1.3%,2017,15642,,,,,,,
21,Josh McCown (FA),267,397,67.3,2926,7.4,18,9,39,37,124,5,4,13,205.6,15.8,0.0%,2017,9327,,,,,,,
22,Jameis Winston (NO),282,442,63.8,3504,7.9,19,11,33,33,135,1,7,13,201.8,15.5,0.7%,2017,13891,,,,,,,
23,Eli Manning (FA),352,571,61.6,3468,6.1,19,13,31,12,26,1,5,15,187.3,12.5,2.3%,2017,9213,,,,,,,
24,Joe Flacco (FA),352,549,64.1,3141,5.7,18,13,27,25,54,1,0,16,184.9,11.6,1.0%,2017,9300,,,,,,,
25,DeShone Kizer (FA),255,476,53.6,2894,6.1,11,22,38,77,419,5,6,15,175.9,11.7,0.0%,2017,16389,,,,,,,
26,Deshaun Watson (CLE),126,204,61.8,1699,8.3,19,8,19,36,269,2,1,7,168.8,24.1,92.5%,2017,16398,,,,,,,
27,Jay Cutler (FA),266,429,62.0,2666,6.2,19,14,20,19,32,0,0,14,157.7,11.3,0.2%,2017,9280,,,,,,,
28,Mitch Trubisky (PIT),196,330,59.4,2193,6.6,7,7,31,41,248,2,3,12,134.6,11.2,0.6%,2017,16381,,,,,,,
29,Aaron Rodgers (NYJ),154,238,64.7,1675,7.0,16,6,22,24,126,0,1,7,129.5,18.5,89.4%,2017,9001,,,,,,,
30,Trevor Siemian (CIN),206,349,59.0,2285,6.5,12,14,33,31,127,1,2,11,126.2,11.5,0.6%,2017,14142,,,,,,,
31,Brett Hundley (FA),192,316,60.8,1836,5.8,9,12,29,36,270,2,2,11,124.1,11.3,0.0%,2017,13907,,,,,,,
32,Carson Palmer (FA),164,267,61.4,1978,7.4,9,7,22,14,12,0,0,7,102.3,14.6,5.6%,2017,9098,,,,,,,
33,C.J. Beathard (JAC),123,224,54.9,1430,6.4,4,6,19,26,136,3,2,7,88.8,12.7,0.1%,2017,16419,,,,,,,
34,Jimmy Garoppolo (LV),120,178,67.4,1560,8.8,7,5,8,15,11,1,0,6,87.4,14.6,10.7%,2017,12208,,,,,,,
35,Ryan Fitzpatrick (FA),96,163,58.9,1103,6.8,7,3,7,15,78,0,0,6,73.9,12.3,0.0%,2017,9545,,,,,,,
36,Brock Osweiler (FA),96,172,55.8,1088,6.3,5,5,10,14,64,1,1,6,67.9,11.3,0.0%,2017,11179,,,,,,,
37,Brian Hoyer (LV),123,211,58.3,1287,6.1,4,4,16,9,4,1,1,11,64.0,5.8,0.1%,2017,9078,,,,,,,
38,Blaine Gabbert (KC),95,171,55.6,1086,6.4,6,6,23,22,82,0,2,5,61.6,12.3,0.1%,2017,9858,,,,,,,
39,Tom Savage (FA),125,223,56.1,1412,6.3,5,6,21,4,2,0,7,8,50.7,6.3,0.0%,2017,12097,,,,,,,
40,Drew Stanton (FA),79,159,49.7,894,5.6,6,5,7,9,7,0,0,5,50.4,10.1,0.0%,2017,9201,,,,,,,
41,Matt Moore (FA),78,127,61.4,861,6.8,4,5,12,3,9,0,0,4,41.3,10.3,0.0%,2017,9442,,,,,,,
42,T.J. Yates (FA),47,97,48.5,523,5.4,4,3,13,5,51,0,1,4,34.0,8.5,0.0%,2017,9985,,,,,,,
43,Kevin Hogan (FA),46,75,61.3,517,6.9,4,5,6,10,71,0,0,4,33.8,8.5,0.0%,2017,15798,,,,,,,
44,Nick Foles (FA),57,101,56.4,537,5.3,5,2,5,11,3,0,2,7,33.8,4.8,0.0%,2017,11176,,,,,,,
45,Mike Glennon (FA),93,140,66.4,833,6.0,4,5,8,4,4,0,3,4,33.6,8.4,0.6%,2017,11685,,,,,,,
46,Sam Bradford (FA),32,43,74.4,382,8.9,3,0,5,2,-3,0,0,2,26.9,13.5,0.0%,2017,9678,,,,,,,
47,Bryce Petty (FA),55,112,49.1,544,4.9,1,3,8,7,55,0,0,4,25.4,6.4,0.0%,2017,13927,,,,,,,
48,David Fales (FA),29,43,67.4,265,6.2,1,1,1,4,8,1,0,2,19.4,9.7,0.0%,2017,12283,,,,,,,
49,Paxton Lynch (FA),30,45,66.7,295,6.6,2,3,9,5,30,0,1,2,14.8,7.4,0.1%,2017,15493,,,,,,,
50,E.J. Manuel (FA),24,43,55.8,265,6.2,1,1,4,2,15,0,0,2,14.1,7.1,0.0%,2017,11683,,,,,,,
51,Nathan Peterman (CHI),24,49,49.0,252,5.1,2,5,1,7,23,0,0,4,10.4,2.6,0.1%,2017,16414,,,,,,,
52,Patrick Mahomes II (KC),22,35,62.9,284,8.1,0,1,2,7,10,0,0,1,10.4,10.4,100.0%,2017,16413,,,,,,,
53,Ryan Mallett (FA),9,16,56.3,56,3.5,2,0,0,4,-3,0,0,3,9.9,3.3,0.0%,2017,9864,,,,,,,
54,Geno Smith (SEA),21,36,58.3,212,5.9,1,0,3,4,12,0,2,2,9.7,4.9,86.4%,2017,11687,,,,,,,
55,Landry Jones (FA),23,28,82.1,239,8.5,1,1,3,8,-10,0,1,3,8.6,2.9,0.0%,2017,11681,,,,,,,
56,Nate Sudfeld (DET),19,23,82.6,134,5.8,0,0,3,1,22,0,0,1,7.6,7.6,0.0%,2017,15833,,,,,,,
57,Sean Mannion (FA),22,37,59.5,185,5.0,0,0,3,9,-2,0,1,5,5.3,1.1,0.0%,2017,13930,,,,,,,
58,Joe Webb III (FA),2,7,28.6,35,5.0,0,1,0,8,54,0,0,16,4.8,0.3,0.0%,2017,9714,,,,,,,
59,Cody Kessler (FA),11,23,47.8,126,5.5,0,1,6,1,-1,0,0,3,2.9,1.0,0.1%,2017,15644,,,,,,,
60,AJ McCarron (FA),7,14,50.0,66,4.7,0,0,1,0,0,0,0,3,2.7,0.9,0.0%,2017,12091,,,,,,,
61,Matt Cassel (FA),25,42,59.5,162,3.9,1,2,8,0,0,0,2,2,2.4,1.2,0.0%,2017,9435,,,,,,,
62,Cooper Rush (DAL),1,3,33.3,2,0.7,0,0,0,2,13,0,0,2,1.4,0.7,0.2%,2017,16477,,,,,,,
63,Scott Tolzien (FA),9,18,50.0,128,7.1,0,2,4,2,2,0,0,1,1.3,1.3,0.0%,2017,11157,,,,,,,
64,Taylor Heinicke (ATL),1,1,100.0,10,10.0,0,0,1,1,2,0,0,1,0.6,0.6,1.2%,2017,13932,,,,,,,
65,Derek Anderson (FA),2,8,25.0,17,2.1,0,0,0,2,-2,0,0,3,0.5,0.2,0.0%,2017,9178,,,,,,,
66,Joe Callahan (FA),5,7,71.4,11,1.6,0,0,0,0,0,0,0,1,0.4,0.4,0.0%,2017,16200,,,,,,,
67,Colt McCoy (ARI),0,0,0.0,0,0.0,0,0,0,0,0,0,0,1,0.0,0.0,1.2%,2017,9702,,,,,,,
68,Darius Hillary (FA),0,0,0.0,0,0.0,0,0,0,0,0,0,0,1,0.0,0.0,0.0%,2017,16004,,,,,,,
69,Austin Davis (FA),0,0,0.0,0,0.0,0,0,0,1,-1,0,0,3,-0.1,0.0,0.0%,2017,11501,,,,,,,
70,Chase Daniel (FA),0,0,0.0,0,0.0,0,0,0,3,-2,0,0,1,-0.2,-0.2,0.0%,2017,9111,,,,,,,
71,Chad Henne (FA),0,2,0.0,0,0.0,0,0,0,5,-5,0,0,2,-0.5,-0.3,0.1%,2017,9101,,,,,,,
72,Jake Rudock (FA),3,5,60.0,24,4.8,0,1,0,0,0,0,0,3,-1.0,-0.3,0.0%,2017,15845,,,,,,,
73,Kellen Clemens (FA),6,8,75.0,36,4.5,0,1,0,5,-5,0,0,8,-1.1,-0.1,0.0%,2017,9347,,,,,,,
74,Tyler Bray (FA),0,1,0.0,0,0.0,0,0,0,1,0,0,1,1,-2.0,-2.0,0.0%,2017,11667,,,,,,,
75,Teddy Bridgewater (DET),0,2,0.0,0,0.0,0,1,0,3,-3,0,0,1,-2.3,-2.3,2.6%,2017,12088,,,,,,,
1,Patrick Mahomes II (KC),383,580,66.0,5097,8.8,50,12,26,60,272,2,2,16,417.0,26.1,100.0%,2018,16413,112.0,Patrick Mahomes II KC (12),QB15,,,,118.0
2,Matt Ryan (FA),422,608,69.4,4924,8.1,35,7,42,33,125,3,5,16,354.5,22.2,6.1%,2018,9444,107.0,Matt Ryan,QB13,,,,110.5
3,Ben Roethlisberger (FA),452,675,67.0,5129,7.6,34,16,24,31,98,3,2,16,341.5,21.3,13.6%,2018,9039,108.0,Ben Roethlisberger,QB14,,,,111.5
4,Deshaun Watson (CLE),345,505,68.3,4165,8.2,26,9,62,99,551,5,3,16,331.9,20.7,92.5%,2018,16398,48.0,Deshaun Watson CLE (11),QB2,,,,48.0
5,Andrew Luck (FA),430,639,67.3,4593,7.2,39,15,18,46,148,0,1,16,327.6,20.5,2.2%,2018,11172,96.0,Andrew Luck,QB9,,,,97.0
6,Aaron Rodgers (NYJ),372,597,62.3,4442,7.4,25,2,49,43,269,2,3,16,312.5,19.5,89.4%,2018,9001,30.0,Aaron Rodgers NYJ (11),QB1,,,,31.0
7,Jared Goff (DET),364,561,64.9,4688,8.4,32,12,33,43,108,2,5,16,310.3,19.4,61.0%,2018,15501,113.0,Jared Goff DET (6),QB16,,,,118.5
8,Drew Brees (FA),364,489,74.4,3992,8.2,32,5,17,31,22,4,1,15,304.3,20.3,35.7%,2018,9200,68.0,Drew Brees,QB6,,,,70.0
9,Russell Wilson (DEN),280,427,65.6,3448,8.1,35,7,51,67,376,0,2,16,298.9,18.7,76.0%,2018,11180,54.0,Russell Wilson DEN (10),QB4,,,,57.0
10,Dak Prescott (DAL),356,526,67.7,3885,7.4,22,8,56,75,305,6,6,16,285.8,17.9,92.1%,2018,15600,140.0,Dak Prescott DAL (8),QB20,,,,151.5
11,Philip Rivers (FA),347,508,68.3,4308,8.5,32,12,32,18,7,0,1,16,284.9,17.8,20.6%,2018,9509,105.0,Philip Rivers,QB12,,,,108.5
12,Cam Newton (FA),320,471,67.9,3395,7.2,24,13,29,101,488,4,0,14,282.6,20.2,9.1%,2018,9869,62.0,Cam Newton O,QB5,,,,66.0
13,Kirk Cousins (MIN),425,606,70.1,4298,7.1,30,10,40,44,123,1,7,16,282.6,17.7,88.4%,2018,11177,84.0,Kirk Cousins MIN (10),QB8,,,,85.0
14,Tom Brady (FA),375,570,65.8,4355,7.6,29,11,21,23,35,2,2,16,280.9,17.6,1.5%,2018,9603,52.0,Tom Brady,QB3,,,,54.5
15,Mitch Trubisky (PIT),289,434,66.6,3223,7.4,24,12,24,68,421,3,3,14,262.9,18.8,0.6%,2018,16381,160.0,Mitch Trubisky PIT (7),QB22,,,,168.0
16,Baker Mayfield (TB),310,486,63.8,3725,7.7,27,14,25,39,131,0,3,14,240.0,17.1,4.5%,2018,17237,250.0,Baker Mayfield TB (5),QB30,,,,223.0
17,Eli Manning (FA),380,576,66.0,4299,7.5,21,11,47,15,20,1,4,16,240.0,15.0,2.3%,2018,9213,169.0,Eli Manning,QB23,,,,174.0
18,Derek Carr (NO),381,553,68.9,4049,7.3,19,10,51,24,47,1,7,16,216.3,13.5,37.4%,2018,12092,134.0,Derek Carr NO (6),QB19,,,,143.0
19,Case Keenum (HOU),365,586,62.3,3890,6.6,18,15,34,26,93,2,2,16,215.0,13.4,0.0%,2018,11425,183.0,Case Keenum HOU (10),QB24,,,,183.5
20,Matthew Stafford (LAR),367,555,66.1,3777,6.8,21,11,40,25,71,0,4,16,212.1,13.3,37.5%,2018,9451,100.0,Matthew Stafford LAR (12),QB11,,,,101.5
21,Josh Allen (BUF),169,320,52.8,2074,6.5,10,12,28,89,631,8,2,12,208.1,17.3,99.9%,2018,17298,290.0,Josh Allen BUF (11),QB34,,,,271.0
22,Jameis Winston (NO),244,378,64.6,2992,7.9,19,14,27,49,281,1,3,11,195.8,17.8,0.7%,2018,13891,158.0,Jameis Winston NO (6) S,QB21,,,,165.5
23,Carson Wentz (FA),279,401,69.6,3074,7.7,21,7,31,34,93,0,6,11,192.9,17.5,4.6%,2018,15520,77.0,Carson Wentz O,QB7,,,,77.5
24,Marcus Mariota (PHI),228,331,68.9,2528,7.6,11,8,42,64,357,2,2,14,175.5,12.5,0.7%,2018,13890,128.0,Marcus Mariota PHI (9),QB17,,,,135.0
25,Andy Dalton (CAR),226,365,61.9,2566,7.0,21,11,21,16,99,0,0,11,174.5,15.9,0.6%,2018,9907,189.0,Andy Dalton CAR (4) O,QB25,,,,186.5
26,Blake Bortles (FA),243,403,60.3,2718,6.7,13,11,31,58,365,1,4,13,173.2,13.3,0.0%,2018,12090,205.0,Blake Bortles,QB27,,,,173.0
27,Sam Darnold (SF),239,414,57.7,2865,6.9,17,15,30,44,138,1,2,13,168.4,13.0,1.2%,2018,17236,286.0,Sam Darnold SF (11),QB33,,,,266.0
28,Ryan Fitzpatrick (FA),164,246,66.7,2366,9.6,17,12,14,36,152,2,1,8,165.8,20.7,0.0%,2018,9545,308.0,Ryan Fitzpatrick,QB35,,,,291.0
29,Lamar Jackson (BAL),99,170,58.2,1201,7.1,6,3,16,147,695,5,4,16,157.6,9.9,99.7%,2018,17233,246.0,Lamar Jackson BAL (10),QB29,,,,219.0
30,Ryan Tannehill (TEN),176,274,64.2,1979,7.2,17,9,35,32,145,0,4,11,142.5,13.0,6.6%,2018,11174,233.0,Ryan Tannehill TEN (8),QB28,,,,208.0
31,Alex Smith (FA),205,328,62.5,2180,6.6,10,5,22,41,168,1,1,10,137.9,13.8,5.0%,2018,9012,131.0,Alex Smith O,QB18,,,,138.5
32,Joe Flacco (FA),232,379,61.2,2465,6.5,12,6,16,19,45,0,1,9,137.0,15.2,1.0%,2018,9300,265.0,Joe Flacco,QB32,,,,241.0
33,Nick Mullens (MIN),176,274,64.2,2277,8.3,13,10,17,18,-16,0,0,8,123.5,15.4,0.1%,2018,16726,,,,,,,
34,Josh Rosen (FA),217,393,55.2,2278,5.8,11,14,45,23,138,0,5,14,113.0,8.1,0.0%,2018,17235,313.0,Josh Rosen,QB37,,,,296.0
35,Jeff Driskel (ARI),105,176,59.7,1003,5.7,6,2,16,25,130,2,1,9,85.1,9.5,0.0%,2018,15615,,,,,,,
36,Nick Foles (FA),141,195,72.3,1413,7.2,7,4,9,9,17,0,2,5,75.7,15.1,0.0%,2018,11176,310.0,Nick Foles,QB36,,,,293.0
37,C.J. Beathard (JAC),102,169,60.4,1252,7.4,8,7,18,19,69,1,3,6,75.0,12.5,0.1%,2018,16419,392.0,C.J. Beathard JAC (9),QB46,,,,379.0
38,Brock Osweiler (FA),113,178,63.5,1247,7.0,6,4,17,8,21,0,1,7,68.0,9.7,0.0%,2018,11179,357.0,Brock Osweiler,QB43,,,,341.0
39,Josh Johnson (BAL),52,91,57.1,590,6.5,3,4,9,23,120,1,0,4,49.5,12.4,0.0%,2018,9326,,,,,,,
40,Jimmy Garoppolo (LV),53,89,59.6,718,8.1,5,3,13,8,33,0,0,3,47.9,16.0,10.7%,2018,12208,98.0,Jimmy Garoppolo LV () O,QB10,,,,100.5
41,Tyrod Taylor (NYG),42,85,49.4,473,5.6,2,2,13,16,125,1,0,4,41.4,10.4,0.1%,2018,10007,192.0,Tyrod Taylor NYG (9),QB26,,,,187.5
42,Cody Kessler (FA),85,131,64.9,709,5.4,2,2,22,19,123,0,3,6,38.6,6.4,0.1%,2018,15644,,,,,,,
43,Blaine Gabbert (KC),61,101,60.4,626,6.2,4,4,5,6,0,0,0,8,33.0,4.1,0.1%,2018,9858,479.0,Blaine Gabbert KC (12),QB60,,,,467.0
44,Chase Daniel (FA),53,76,69.7,515,6.8,3,2,9,13,3,0,0,5,30.2,6.0,0.0%,2018,9111,,,,,,,
45,Colt McCoy (ARI),34,54,63.0,372,6.9,3,3,6,10,63,0,0,3,27.2,9.1,1.2%,2018,9702,,,,,,,
46,Kyle Allen (BUF),20,31,64.5,266,8.6,2,0,0,5,19,1,0,2,26.5,13.3,0.1%,2018,17869,,,,,,,
47,Josh McCown (FA),60,110,54.5,539,4.9,1,4,7,5,32,0,0,4,20.7,5.2,0.0%,2018,9327,331.0,Josh McCown,QB40,,,,315.0
48,Matt Barkley (BUF),15,25,60.0,232,9.3,2,0,1,3,-2,0,0,1,17.1,17.1,0.1%,2018,11686,319.0,Matt Barkley BUF (11),QB38,,,,303.0
49,Taylor Heinicke (ATL),35,57,61.4,320,5.6,1,3,2,5,31,0,0,6,13.9,2.3,1.2%,2018,13932,,,,,,,
50,Nathan Peterman (CHI),44,81,54.3,296,3.7,1,7,7,10,50,1,0,4,12.8,3.2,0.1%,2018,16414,406.0,Nathan Peterman CHI (5),QB50,,,,393.0
51,Sam Bradford (FA),50,80,62.5,400,5.0,2,4,6,2,7,0,2,3,12.7,4.2,0.0%,2018,9678,256.0,Sam Bradford,QB31,,,,231.0
52,Mike Glennon (FA),15,21,71.4,174,8.3,1,0,1,0,0,0,0,2,10.9,5.5,0.6%,2018,11685,,,,,,,
53,Teddy Bridgewater (DET),14,23,60.9,118,5.1,1,1,2,11,5,0,0,5,7.2,1.4,2.6%,2018,12088,399.0,Teddy Bridgewater DET (6),QB47,,,,386.0
54,Derek Anderson (FA),42,70,60.0,465,6.6,0,4,5,1,-1,0,2,2,6.5,3.3,0.0%,2018,9178,,,,,,,
55,DeShone Kizer (FA),20,42,47.6,187,4.5,0,2,4,5,39,0,1,3,5.4,1.8,0.0%,2018,16389,,,,,,,
56,Nate Sudfeld (DET),1,2,50.0,22,11.0,1,0,0,2,-2,0,0,2,4.7,2.4,0.0%,2018,15833,465.0,Nate Sudfeld DET (6),QB58,,,,453.0
57,Joe Webb III (FA),0,0,0.0,0,0.0,0,0,0,0,0,0,0,16,2.3,0.1,0.0%,2018,9714,456.0,Joe Webb III,QB56,,,,444.0
58,Matt Cassel (FA),7,17,41.2,59,3.5,0,1,1,2,13,0,0,2,1.7,0.9,0.0%,2018,9435,416.0,Matt Cassel,QB52,,,,403.0
59,Garrett Gilbert (FA),2,3,66.7,40,13.3,0,0,1,0,0,0,0,1,1.6,1.6,0.0%,2018,12302,,,,,,,
60,Chad Henne (FA),2,3,66.7,29,9.7,0,0,0,1,3,0,0,1,1.5,1.5,0.1%,2018,9101,,,,,,,
61,Joshua Dobbs (CLE),6,12,50.0,43,3.6,0,1,0,4,11,0,0,5,0.9,0.2,0.1%,2018,16417,,,,,,,
62,Robert Griffin III (FA),2,6,33.3,21,3.5,0,0,0,0,0,0,0,3,0.8,0.3,1.0%,2018,11173,,,,,,,
63,Matt Schaub (FA),5,7,71.4,20,2.9,0,0,0,1,0,0,0,3,0.6,0.2,0.0%,2018,9445,,,,,,,
64,Mark Sanchez (FA),19,35,54.3,138,3.9,0,3,7,1,8,0,0,2,0.3,0.2,0.1%,2018,9425,404.0,Mark Sanchez,QB49,,,,391.0
65,AJ McCarron (FA),1,3,33.3,8,2.7,0,0,1,3,-2,0,0,2,0.1,0.0,0.0%,2018,12091,347.0,AJ McCarron,QB42,,,,331.0
66,Alex Tanney (FA),0,0,0.0,0,0.0,0,0,0,0,0,0,0,1,0.0,0.0,0.0%,2018,11412,,,,,,,
67,Tyler Bray (FA),0,0,0.0,0,0.0,0,0,0,0,0,0,0,1,0.0,0.0,0.0%,2018,11667,,,,,,,
68,Kyle Sloter (FA),0,0,0.0,0,0.0,0,0,0,0,0,0,0,1,0.0,0.0,0.0%,2018,16902,,,,,,,
69,Sean Mannion (FA),2,3,66.7,23,7.7,0,0,0,7,-9,0,0,3,0.0,0.0,0.0%,2018,13930,,,,,,,
70,Cooper Rush (DAL),0,0,0.0,0,0.0,0,0,0,0,0,0,0,1,0.0,0.0,0.2%,2018,16477,,,,,,,
71,Brandon Allen (SF),0,0,0.0,0,0.0,0,0,0,0,0,0,0,1,0.0,0.0,0.0%,2018,15745,,,,,,,
72,Brandon Weeden (FA),0,0,0.0,0,0.0,0,0,0,1,-1,0,0,1,-0.1,-0.1,0.0%,2018,11175,462.0,Brandon Weeden,QB57,,,,450.0
73,Chad Kelly (FA),0,0,0.0,0,0.0,0,0,0,1,-1,0,0,1,-0.1,-0.1,0.0%,2018,16416,,,,,,,
74,Brian Hoyer (LV),1,2,50.0,7,3.5,0,0,0,11,-8,0,0,5,-0.5,-0.1,0.1%,2018,9078,337.0,Brian Hoyer LV (),QB41,,,,321.0
75,Jacoby Brissett (WAS),2,4,50.0,2,0.5,0,0,0,7,-7,0,0,4,-0.6,-0.2,1.3%,2018,15642,326.0,Jacoby Brissett WAS (4),QB39,,,,310.0
76,Geno Smith (SEA),1,4,25.0,8,2.0,0,0,1,8,2,0,1,5,-1.5,-0.3,86.4%,2018,11687,477.0,Geno Smith SEA (7),QB59,,,,465.0
77,Kyle Lauletta (FA),0,5,0.0,0,0.0,0,1,0,1,-2,0,0,2,-2.2,-1.1,0.0%,2018,17456,445.0,Kyle Lauletta,QB54,,,,433.0
1,Lamar Jackson (BAL),265,401,66.1,3127,7.8,36,6,23,176,1206,7,2,15,421.7,28.1,99.7%,2019,17233,101.0,Lamar Jackson BAL (8),QB12,105.0,,,107.0
2,Dak Prescott (DAL),388,596,65.1,4902,8.2,30,11,23,52,277,3,2,16,348.9,21.8,92.1%,2019,15600,124.0,Dak Prescott DAL (8),QB17,122.0,,,128.3
3,Jameis Winston (NO),380,626,60.7,5109,8.2,33,30,47,59,250,1,5,16,335.2,21.0,0.7%,2019,13891,109.0,Jameis Winston NO (9),QB13,120.0,,,113.0
4,Russell Wilson (DEN),341,516,66.1,4110,8.0,31,5,48,75,342,3,2,16,333.5,20.8,76.0%,2019,11180,80.0,Russell Wilson DEN (10),QB8,64.0,,,82.0
5,Deshaun Watson (CLE),333,495,67.3,3852,7.8,26,12,44,82,413,7,3,15,332.5,22.2,92.5%,2019,16398,43.0,Deshaun Watson CLE (7),QB2,38.0,,,43.0
6,Josh Allen (BUF),271,461,58.8,3089,6.7,20,9,38,109,510,9,4,16,297.5,18.6,99.9%,2019,17298,172.0,Josh Allen BUF (6),QB21,,,,160.0
7,Kyler Murray (ARI),349,542,64.4,3722,6.9,20,12,48,93,544,4,2,16,297.3,18.6,34.9%,2019,18600,97.0,Kyler Murray ARI (12),QB11,88.0,,,101.7
8,Patrick Mahomes II (KC),319,484,65.9,4031,8.3,26,5,17,43,218,2,2,14,291.9,20.9,100.0%,2019,16413,20.0,Patrick Mahomes II KC (12),QB1,16.0,,,18.3
9,Carson Wentz (FA),388,607,63.9,4039,6.7,27,7,37,62,243,1,7,16,282.9,17.7,4.6%,2019,15520,74.0,Carson Wentz,QB6,68.0,,,75.3
10,Aaron Rodgers (NYJ),353,569,62.0,3994,7.0,26,4,36,46,183,1,4,16,282.0,17.6,89.4%,2019,9001,50.0,Aaron Rodgers NYJ (4),QB3,42.0,,,50.7
11,Matt Ryan (FA),408,616,66.2,4466,7.3,26,14,48,34,147,1,5,15,281.4,18.8,6.1%,2019,9444,69.0,Matt Ryan,QB5,57.0,,,71.3
12,Tom Brady (FA),373,613,60.8,4057,6.6,24,8,27,26,34,3,1,16,271.6,17.0,1.5%,2019,9603,112.0,Tom Brady,QB14,106.0,,,119.0
13,Jared Goff (DET),394,626,62.9,4638,7.4,22,16,22,33,40,2,5,16,263.5,16.5,61.0%,2019,15501,85.0,Jared Goff DET (5),QB9,93.0,,,87.3
14,Jimmy Garoppolo (LV),329,476,69.1,3978,8.4,27,13,36,46,62,1,5,16,260.2,16.3,10.7%,2019,12208,173.0,Jimmy Garoppolo LV (),QB22,,,,161.5
15,Philip Rivers (FA),390,591,66.0,4615,7.8,23,20,34,12,29,0,3,16,255.5,16.0,20.6%,2019,9509,121.0,Philip Rivers,QB16,127.0,,,127.3
16,Ryan Fitzpatrick (FA),311,502,62.0,3529,7.0,20,13,40,54,243,4,2,15,254.7,17.0,0.0%,2019,9545,312.0,Ryan Fitzpatrick,QB32,,,,314.0
17,Derek Carr (NO),361,513,70.4,4054,7.9,21,8,29,27,82,2,3,16,252.5,15.8,37.4%,2019,12092,176.0,Derek Carr NO (9),QB24,136.0,,,165.5
18,Kirk Cousins (MIN),307,444,69.1,3603,8.1,26,6,28,31,63,1,3,15,250.4,16.7,88.4%,2019,11177,148.0,Kirk Cousins MIN (12),QB19,177.0,,,152.7
19,Baker Mayfield (TB),317,534,59.4,3827,7.2,22,21,40,28,141,3,2,16,250.3,15.6,4.5%,2019,17237,58.0,Baker Mayfield TB (7),QB4,47.0,,,59.7
20,Gardner Minshew II (IND),285,470,60.6,3271,7.0,21,6,33,67,344,0,7,14,235.3,16.8,1.2%,2019,18562,,,,,,,
21,Ryan Tannehill (TEN),201,286,70.3,2742,9.6,22,6,31,43,185,4,3,12,230.2,19.2,6.6%,2019,11174,372.0,Ryan Tannehill TEN (11),QB39,,,,374.0
22,Drew Brees (FA),281,378,74.3,2979,7.9,27,4,12,9,-4,1,0,11,228.8,20.8,35.7%,2019,9200,76.0,Drew Brees,QB7,66.0,,,80.0
23,Daniel Jones (NYG),284,459,61.9,3027,6.6,24,12,38,45,279,2,11,13,226.9,17.5,85.1%,2019,18232,338.0,Daniel Jones NYG (11),QB35,,,,340.0
24,Jacoby Brissett (WAS),272,447,60.9,2942,6.6,18,6,27,56,228,4,5,15,223.2,14.9,1.3%,2019,15642,185.0,Jacoby Brissett WAS (10),QB26,146.0,,,228.0
25,Andy Dalton (CAR),314,528,59.5,3494,6.6,16,14,37,32,73,4,4,13,217.0,16.7,0.6%,2019,9907,294.0,Andy Dalton CAR (7),QB29,,,,288.0
26,Mitch Trubisky (PIT),326,516,63.2,3138,6.1,17,10,38,48,193,2,2,15,212.8,14.2,0.6%,2019,16381,146.0,Mitch Trubisky PIT (7),QB18,153.0,,,150.3
27,Sam Darnold (SF),273,441,61.9,3024,6.9,19,13,33,33,62,2,3,13,202.1,15.5,1.2%,2019,17236,182.0,Sam Darnold SF (4),QB25,183.0,,,179.0
28,Kyle Allen (BUF),303,489,62.0,3322,6.8,17,16,46,32,106,2,7,14,193.4,13.8,0.1%,2019,17869,,,,,,,
29,Matthew Stafford (LAR),187,291,64.3,2499,8.6,19,5,18,20,66,0,3,8,171.5,21.4,37.5%,2019,9451,166.0,Matthew Stafford LAR (9) O,QB20,137.0,,,169.0
30,Mason Rudolph (PIT),176,283,62.2,1765,6.2,13,9,15,21,42,0,0,10,117.8,11.8,0.0%,2019,17234,434.0,Mason Rudolph PIT (7) O,QB47,,,,436.0
31,Case Keenum (HOU),160,247,64.8,1707,6.9,11,5,15,9,12,1,3,10,108.4,10.8,0.0%,2019,11425,323.0,Case Keenum HOU (10),QB33,,,,325.0
32,Teddy Bridgewater (DET),133,196,67.9,1384,7.1,9,2,12,28,31,0,0,10,92.5,9.3,2.6%,2019,12088,,,,,,,
33,Joe Flacco (FA),171,262,65.3,1822,7.0,6,5,26,12,20,0,3,8,89.9,11.2,1.0%,2019,9300,324.0,Joe Flacco O,QB34,,,,326.0
34,Marcus Mariota (PHI),95,160,59.4,1203,7.5,7,2,25,24,129,0,0,7,87.1,12.4,0.7%,2019,13890,226.0,Marcus Mariota PHI (10),QB27,,,,200.0
35,Dwayne Haskins (FA),119,203,58.6,1365,6.7,7,7,29,20,101,0,2,9,83.7,9.3,0.1%,2019,18214,244.0,Dwayne Haskins,QB28,,,,226.0
36,Drew Lock (SEA),100,156,64.1,1020,6.5,7,3,5,18,72,0,1,5,71.1,14.2,0.2%,2019,18225,359.0,Drew Lock SEA (11),QB36,,,,361.0
37,Jeff Driskel (ARI),62,105,59.0,685,6.5,4,4,11,22,151,1,0,4,61.7,15.4,0.0%,2019,15615,,,,,,,
38,David Blough (ARI),94,174,54.0,984,5.7,4,6,14,8,31,0,0,5,60.9,12.2,0.0%,2019,18756,,,,,,,
39,Devlin Hodges (FA),100,160,62.5,1063,6.6,5,8,15,21,68,0,1,8,59.4,7.4,0.0%,2019,19063,,,,,,,
40,Eli Manning (FA),91,147,61.9,1042,7.1,6,5,5,4,7,0,1,4,59.3,14.8,2.3%,2019,9213,306.0,Eli Manning,QB31,,,,307.0
41,Matt Moore (FA),59,91,64.8,659,7.2,4,0,8,5,-1,0,0,6,42.3,7.1,0.0%,2019,9442,,,,,,,
42,Nick Foles (FA),77,117,65.8,736,6.3,3,2,8,4,23,0,2,4,39.7,9.9,0.0%,2019,11176,175.0,Nick Foles,QB23,130.0,,,171.5
43,Brandon Allen (SF),39,84,46.4,515,6.1,3,2,9,10,39,0,0,3,34.5,11.5,0.0%,2019,15745,,,,,,,
44,Matt Schaub (FA),50,67,74.6,580,8.7,3,1,2,3,-3,0,1,7,33.9,4.8,0.0%,2019,9445,,,,,,,
45,Chase Daniel (FA),45,64,70.3,435,6.8,3,2,7,6,6,0,0,5,28.0,5.6,0.0%,2019,9111,,,,,,,
46,Ryan Finley (FA),41,87,47.1,474,5.4,2,2,11,10,77,0,3,3,26.7,8.9,0.0%,2019,18255,,,,,,,
47,Brian Hoyer (LV),35,65,53.8,372,5.7,4,4,5,8,2,0,1,5,25.1,5.0,0.1%,2019,9078,,,,,,,
48,Josh Rosen (FA),58,109,53.2,567,5.2,1,5,16,3,13,0,0,6,23.0,3.8,0.0%,2019,17235,302.0,Josh Rosen,QB30,,,,299.0
49,Robert Griffin III (FA),23,38,60.5,225,5.9,1,2,5,20,70,0,0,7,18.0,2.6,1.0%,2019,11173,403.0,Robert Griffin III,QB42,,,,405.0
50,AJ McCarron (FA),21,37,56.8,225,6.1,0,1,5,5,39,1,0,3,17.9,6.0,0.0%,2019,12091,444.0,AJ McCarron,QB50,,,,447.0
51,Cam Newton (FA),50,89,56.2,572,6.4,0,1,6,5,-2,0,2,2,17.7,8.9,9.1%,2019,9869,87.0,Cam Newton O,QB10,71.0,,,90.0
52,Ben Roethlisberger (FA),35,62,56.5,351,5.7,0,1,2,1,7,0,0,2,13.7,6.9,13.6%,2019,9039,113.0,Ben Roethlisberger O,QB15,114.0,,,119.0
53,Luke Falk (FA),47,73,64.4,416,5.7,0,3,16,0,0,0,1,3,11.6,3.9,0.1%,2019,17293,,,,,,,
54,Matt Barkley (BUF),27,51,52.9,359,7.0,0,3,2,2,-4,0,1,3,9.0,3.0,0.1%,2019,11686,,,,,,,
55,Brett Hundley (FA),5,11,45.5,49,4.5,0,0,2,7,41,0,0,3,6.1,2.0,0.0%,2019,13907,,,,,,,
56,Tyrod Taylor (NYG),4,6,66.7,33,5.5,1,0,0,10,7,0,0,8,6.0,0.8,0.1%,2019,10007,438.0,Tyrod Taylor NYG (11),QB48,,,,440.0
57,Will Grier (DAL),28,52,53.8,228,4.4,0,4,6,7,22,0,1,2,5.4,2.7,0.0%,2019,18241,439.0,Will Grier DAL (8),QB49,,,,441.0
58,Colt McCoy (ARI),18,27,66.7,122,4.5,0,1,6,2,14,0,0,2,5.3,2.7,1.2%,2019,9702,,,,,,,
59,Mike Glennon (FA),6,10,60.0,56,5.6,1,0,0,2,0,0,1,3,4.2,1.4,0.6%,2019,11685,,,,,,,
60,Josh McCown (FA),3,5,60.0,24,4.8,0,0,0,2,-2,0,0,3,0.8,0.3,0.0%,2019,9327,,,,,,,
61,Ryan Griffin (FA),2,4,50.0,18,4.5,0,0,0,4,-1,0,0,2,0.6,0.3,0.0%,2019,11872,,,,,,,
62,Sean Mannion (FA),12,21,57.1,126,6.0,0,2,0,6,-5,0,1,3,0.5,0.2,0.0%,2019,13930,,,,,,,
63,Trevor Siemian (CIN),3,6,50.0,3,0.5,0,0,2,0,0,0,0,1,0.1,0.1,0.6%,2019,14142,,,,,,,
64,Trace McSorley (NE),0,0,0.0,0,0.0,0,0,0,1,1,0,0,1,0.1,0.1,0.2%,2019,18475,412.0,Trace McSorley NE (10),QB44,,,,414.0
65,Andrew Luck (FA),0,0,0.0,0,0.0,0,0,0,0,0,0,0,1,0.0,0.0,2.2%,2019,11172,,,,,,,
66,Geno Smith (SEA),0,0,0.0,0,0.0,0,0,0,0,0,0,0,1,0.0,0.0,86.4%,2019,11687,,,,,,,
67,Brandon Weeden (FA),0,0,0.0,0,0.0,0,0,0,0,0,0,0,1,0.0,0.0,0.0%,2019,11175,,,,,,,
68,Brock Osweiler (FA),0,0,0.0,0,0.0,0,0,0,0,0,0,0,1,0.0,0.0,0.0%,2019,11179,,,,,,,
69,Alex Tanney (FA),1,1,100.0,1,1.0,0,0,0,0,0,0,0,1,0.0,0.0,0.0%,2019,11412,,,,,,,
70,Chad Henne (FA),0,0,0.0,0,0.0,0,0,0,0,0,0,0,1,0.0,0.0,0.1%,2019,9101,,,,,,,
71,Sam Bradford (FA),0,0,0.0,0,0.0,0,0,0,0,0,0,0,1,0.0,0.0,0.0%,2019,9678,,,,,,,
72,Joe Webb III (FA),0,0,0.0,0,0.0,0,0,0,0,0,0,0,1,0.0,0.0,0.0%,2019,9714,,,,,,,
73,Mark Sanchez (FA),0,0,0.0,0,0.0,0,0,0,0,0,0,0,1,0.0,0.0,0.1%,2019,9425,,,,,,,
74,Matt Cassel (FA),0,0,0.0,0,0.0,0,0,0,0,0,0,0,1,0.0,0.0,0.0%,2019,9435,,,,,,,
75,Cooper Rush (DAL),0,0,0.0,0,0.0,0,0,0,0,0,0,0,2,0.0,0.0,0.2%,2019,16477,447.0,Cooper Rush DAL (8),QB51,,,,450.0
76,Chad Kelly (FA),0,0,0.0,0,0.0,0,0,0,0,0,0,0,1,0.0,0.0,0.0%,2019,16416,,,,,,,
77,Joshua Dobbs (CLE),0,0,0.0,0,0.0,0,0,0,0,0,0,0,1,0.0,0.0,0.1%,2019,16417,369.0,Joshua Dobbs CLE (7),QB38,,,,371.0
78,C.J. Beathard (JAC),0,0,0.0,0,0.0,0,0,0,0,0,0,0,1,0.0,0.0,0.1%,2019,16419,374.0,C.J. Beathard JAC (10),QB40,,,,376.0
79,Drew Anderson (FA),0,0,0.0,0,0.0,0,0,0,0,0,0,0,1,0.0,0.0,0.0%,2019,18900,,,,,,,
80,Alex Smith (FA),0,0,0.0,0,0.0,0,0,0,0,0,0,0,1,0.0,0.0,5.0%,2019,9012,,,,,,,
81,James Franklin (FA),0,0,0.0,0,0.0,0,0,0,0,0,0,0,1,0.0,0.0,0.0%,2019,13351,,,,,,,
82,Taylor Heinicke (ATL),0,0,0.0,0,0.0,0,0,0,0,0,0,0,1,0.0,0.0,1.2%,2019,13932,,,,,,,
83,David Fales (FA),0,0,0.0,0,0.0,0,0,1,0,0,0,0,2,0.0,0.0,0.0%,2019,12283,,,,,,,
84,Nate Sudfeld (DET),0,0,0.0,0,0.0,0,0,0,0,0,0,0,1,0.0,0.0,0.0%,2019,15833,,,,,,,
85,Tim Boyle (NYJ),3,4,75.0,15,3.8,0,0,0,5,-7,0,0,3,-0.1,0.0,0.0%,2019,17801,,,,,,,
86,Nick Mullens (MIN),0,0,0.0,0,0.0,0,0,0,3,-3,0,0,2,-0.3,-0.2,0.1%,2019,16726,,,,,,,
87,Garrett Gilbert (FA),0,3,0.0,0,0.0,0,0,0,3,-3,0,0,6,-0.3,-0.1,0.0%,2019,12302,429.0,Garrett Gilbert,QB46,,,,431.0
88,Jarrett Stidham (DEN),2,4,50.0,14,3.5,0,1,1,2,-2,0,0,3,-0.6,-0.2,0.1%,2019,18604,,,,,,,
89,Blake Bortles (FA),1,2,50.0,3,1.5,0,0,0,2,-9,0,0,4,-0.8,-0.2,0.0%,2019,12090,366.0,Blake Bortles,QB37,,,,368.0
1,Josh Allen (BUF),396,572,69.2,4544,7.9,37,10,26,102,421,8,6,16,405.7,25.4,99.9%,2020,17298,78.0,Josh Allen BUF (11),QB9,70.0,,,81.0
2,Kyler Murray (ARI),375,558,67.2,3971,7.1,26,12,27,133,819,11,4,16,390.7,24.4,34.9%,2020,18600,57.0,Kyler Murray ARI (8),QB5,50.0,,,58.3
3,Aaron Rodgers (NYJ),372,526,70.7,4299,8.2,48,5,20,38,149,3,2,16,387.6,24.2,89.4%,2020,9001,86.0,Aaron Rodgers NYJ (10),QB10,96.0,,,90.0
4,Patrick Mahomes II (KC),390,588,66.3,4740,8.1,38,6,22,62,308,2,2,15,380.3,25.4,100.0%,2020,16413,17.0,Patrick Mahomes II KC (10),QB1,10.0,,,18.7
5,Deshaun Watson (CLE),382,544,70.2,4823,8.9,33,7,49,90,444,3,3,16,376.4,23.5,92.5%,2020,16398,62.0,Deshaun Watson CLE (9),QB6,51.0,,,60.7
6,Russell Wilson (DEN),384,558,68.8,4212,7.5,40,13,47,83,513,2,4,16,372.6,23.3,76.0%,2020,11180,55.0,Russell Wilson DEN (5),QB4,41.0,,,55.7
7,Ryan Tannehill (TEN),315,481,65.5,3819,7.9,33,7,24,43,266,7,1,16,350.8,21.9,6.6%,2020,11174,156.0,Ryan Tannehill TEN (4),QB20,175.0,,,158.0
8,Tom Brady (FA),401,610,65.7,4633,7.6,40,12,21,30,6,3,1,16,350.0,21.9,1.5%,2020,9603,87.0,Tom Brady,QB11,81.0,,,92.0
9,Justin Herbert (LAC),396,595,66.6,4336,7.3,31,10,32,55,234,5,1,15,342.8,22.9,97.2%,2020,18635,303.0,Justin Herbert LAC (6),QB35,,,,300.0
10,Lamar Jackson (BAL),242,376,64.4,2757,7.3,26,9,29,159,1005,7,4,15,341.7,22.8,99.7%,2020,17233,23.0,Lamar Jackson BAL (7),QB2,15.0,,,20.3
11,Kirk Cousins (MIN),349,516,67.6,4265,8.3,35,13,39,32,156,1,5,16,319.2,20.0,88.4%,2020,11177,179.0,Kirk Cousins MIN (7),QB25,176.0,,,161.0
12,Matt Ryan (FA),407,626,65.0,4581,7.3,26,11,41,29,92,2,3,16,293.3,18.3,6.1%,2020,9444,71.0,Matt Ryan,QB7,65.0,,,76.7
13,Derek Carr (NO),348,517,67.3,4103,7.9,27,9,26,39,140,3,8,16,281.0,17.6,37.4%,2020,12092,185.0,Derek Carr NO (6),QB27,131.0,,,165.5
14,Ben Roethlisberger (FA),399,608,65.6,3803,6.3,33,10,13,25,11,0,1,15,277.2,18.5,13.6%,2020,9039,119.0,Ben Roethlisberger,QB14,117.0,,,126.0
15,Matthew Stafford (LAR),339,528,64.2,4084,7.7,26,10,38,29,112,0,1,16,270.5,16.9,37.5%,2020,9451,103.0,Matthew Stafford LAR (9),QB13,103.0,,,107.7
16,Cam Newton (FA),242,368,65.8,2657,7.2,8,10,31,137,592,12,1,15,270.3,18.0,9.1%,2020,9869,140.0,Cam Newton,QB19,114.0,,,174.7
17,Baker Mayfield (TB),305,486,62.8,3563,7.3,26,8,26,54,165,1,4,16,256.3,16.0,4.5%,2020,17237,132.0,Baker Mayfield TB (13),QB17,148.0,,,140.3
18,Jared Goff (DET),370,552,67.0,3952,7.2,20,13,23,51,99,4,4,15,253.0,16.9,61.0%,2020,15501,139.0,Jared Goff DET (5),QB18,147.0,,,146.0
19,Teddy Bridgewater (DET),340,492,69.1,3733,7.6,15,11,31,53,279,5,3,15,252.1,16.8,2.6%,2020,12088,180.0,Teddy Bridgewater DET (5),QB26,149.0,,,161.0
20,Philip Rivers (FA),369,543,68.0,4169,7.7,24,11,19,18,-8,0,1,16,251.0,15.7,20.6%,2020,9509,162.0,Philip Rivers,QB23,156.0,,,164.3
21,Drew Brees (FA),275,390,70.5,2942,7.5,24,6,13,18,-2,2,2,12,215.4,18.0,35.7%,2020,9200,73.0,Drew Brees,QB8,72.0,,,79.3
22,Carson Wentz (FA),251,437,57.4,2620,6.0,16,15,50,52,276,5,4,12,213.4,17.8,4.6%,2020,15520,95.0,Carson Wentz,QB12,88.0,,,99.0
23,Drew Lock (SEA),254,443,57.3,2933,6.6,16,15,19,44,160,3,3,13,196.4,15.1,0.2%,2020,18225,161.0,Drew Lock SEA (6),QB22,154.0,,,163.7
24,Daniel Jones (NYG),280,448,62.5,2943,6.6,11,10,45,65,423,1,6,14,190.2,13.6,85.1%,2020,18232,126.0,Daniel Jones NYG (11),QB15,144.0,,,132.3
25,Joe Burrow (CIN),264,404,65.3,2688,6.7,13,5,32,37,142,3,4,10,178.6,17.9,99.8%,2020,19196,130.0,Joe Burrow CIN (9) O,QB16,122.0,,,137.0
26,Gardner Minshew II (IND),216,327,66.1,2259,6.9,16,5,27,29,153,1,4,9,165.0,18.3,1.2%,2020,18562,166.0,Gardner Minshew II IND (7),QB24,155.0,,,167.0
27,Mitch Trubisky (PIT),199,297,67.0,2055,6.9,16,8,18,33,195,1,2,10,161.8,16.2,0.6%,2020,16381,321.0,Mitch Trubisky PIT (4),QB37,,,,323.0
28,Ryan Fitzpatrick (FA),183,267,68.5,2091,7.8,13,8,14,30,151,2,0,10,161.2,16.1,0.0%,2020,9545,255.0,Ryan Fitzpatrick,QB31,,,,233.0
29,Sam Darnold (SF),217,364,59.6,2208,6.1,9,11,35,37,217,2,2,12,145.0,12.1,1.2%,2020,17236,205.0,Sam Darnold SF (11),QB29,,,,170.0
30,Andy Dalton (CAR),216,333,64.9,2170,6.5,14,8,24,28,114,0,1,11,144.4,13.1,0.6%,2020,9907,,,,,,,
31,Tua Tagovailoa (MIA),186,290,64.1,1814,6.3,11,5,20,36,109,3,1,10,140.4,14.0,90.3%,2020,19198,194.0,Tua Tagovailoa MIA (7),QB28,145.0,,,225.5
32,Dak Prescott (DAL),151,222,68.0,1856,8.4,9,4,10,18,93,3,3,5,139.1,27.8,92.1%,2020,15600,48.0,Dak Prescott DAL (10) O,QB3,42.0,,,50.7
33,Nick Mullens (MIN),211,326,64.7,2437,7.5,12,12,19,9,8,0,4,10,128.2,12.8,0.1%,2020,16726,,,,,,,
34,Jalen Hurts (PHI),77,148,52.0,1061,7.2,6,4,13,63,354,3,2,15,112.7,7.5,99.9%,2020,19275,252.0,Jalen Hurts PHI (9),QB30,,,,228.0
35,Nick Foles (FA),202,312,64.7,1852,5.9,10,8,18,16,1,1,0,9,112.1,12.5,0.0%,2020,11176,312.0,Nick Foles,QB36,,,,311.0
36,Alex Smith (FA),168,252,66.7,1582,6.3,6,8,22,10,3,0,0,8,79.6,10.0,5.0%,2020,9012,,,,,,,
37,Dwayne Haskins (FA),148,241,61.4,1439,6.0,5,7,20,20,46,1,3,7,75.2,10.7,0.1%,2020,18214,288.0,Dwayne Haskins,QB33,,,,282.0
38,Jimmy Garoppolo (LV),94,140,67.1,1096,7.8,7,5,11,10,25,0,0,6,69.4,11.6,10.7%,2020,12208,159.0,Jimmy Garoppolo LV (6) O,QB21,132.0,,,140.5
39,Mike Glennon (FA),111,179,62.0,1072,6.0,7,5,9,6,17,0,2,5,65.5,13.1,0.6%,2020,11685,,,,,,,
40,Joe Flacco (FA),74,134,55.2,864,6.4,6,3,7,6,22,0,0,5,57.7,11.5,1.0%,2020,9300,,,,,,,
41,Brandon Allen (SF),90,142,63.4,925,6.5,5,4,7,13,27,0,1,5,53.6,10.7,0.0%,2020,15745,,,,,,,
42,C.J. Beathard (JAC),66,104,63.5,787,7.6,6,0,9,6,28,0,3,6,52.3,8.7,0.1%,2020,16419,,,,,,,
43,Kyle Allen (BUF),60,87,69.0,610,7.0,4,1,7,7,26,1,1,4,46.1,11.5,0.1%,2020,17869,366.0,Kyle Allen BUF (11) O,QB42,,,,369.0
44,Jake Luton (CAR),60,110,54.5,624,5.7,2,6,7,1,13,1,0,3,34.3,11.4,0.0%,2020,19618,,,,,,,
45,Jeff Driskel (ARI),35,64,54.7,432,6.8,3,2,11,6,28,0,0,3,32.0,10.7,0.0%,2020,15615,,,,,,,
46,Marcus Mariota (PHI),17,28,60.7,226,8.1,1,1,0,9,88,1,0,1,26.8,26.8,0.7%,2020,13890,330.0,Marcus Mariota PHI (9),QB38,,,,332.0
47,Chad Henne (FA),28,38,73.7,248,6.5,2,0,2,7,-2,1,0,3,23.7,7.9,0.1%,2020,9101,,,,,,,
48,Ryan Finley (FA),17,32,53.1,164,5.1,1,2,9,11,66,1,0,5,21.2,4.2,0.0%,2020,18255,,,,,,,
49,Jacoby Brissett (WAS),2,8,25.0,17,2.1,0,0,2,17,19,3,0,11,20.6,1.9,1.3%,2020,15642,,,,,,,
50,Mason Rudolph (PIT),25,43,58.1,324,7.5,2,1,1,7,-6,0,0,5,19.3,3.9,0.0%,2020,17234,333.0,Mason Rudolph PIT (4),QB39,,,,335.0
51,Colt McCoy (ARI),40,66,60.6,375,5.7,1,1,5,9,12,0,1,4,19.1,4.8,1.2%,2020,9702,,,,,,,
52,Jarrett Stidham (DEN),22,44,50.0,256,5.8,2,3,4,7,7,0,0,5,16.0,3.2,0.1%,2020,18604,300.0,Jarrett Stidham DEN (5),QB34,,,,297.0
53,Garrett Gilbert (FA),21,38,55.3,243,6.4,1,1,2,3,28,0,0,2,15.5,7.8,0.0%,2020,12302,,,,,,,
54,Blaine Gabbert (KC),9,16,56.3,143,8.9,2,0,1,9,16,0,0,4,15.3,3.8,0.1%,2020,9858,,,,,,,
55,Brett Rypien (LAR),27,40,67.5,295,7.4,2,4,1,5,-5,0,0,3,15.3,5.1,0.0%,2020,18323,,,,,,,
56,Chase Daniel (FA),29,43,67.4,264,6.1,1,2,3,2,16,0,0,4,14.2,3.6,0.0%,2020,9111,,,,,,,
57,John Wolford (TB),22,38,57.9,231,6.1,0,1,2,6,56,0,0,1,13.8,13.8,0.0%,2020,18185,,,,,,,
58,P.J. Walker (CHI),32,56,57.1,368,6.6,1,5,4,5,-2,0,0,4,13.5,3.4,0.1%,2020,16841,,,,,,,
59,Taylor Heinicke (ATL),12,19,63.2,137,7.2,1,0,1,3,22,0,0,1,11.7,11.7,1.2%,2020,13932,,,,,,,
60,Matt Barkley (BUF),11,21,52.4,197,9.4,1,1,1,6,-6,0,0,5,10.3,2.1,0.1%,2020,11686,,,,,,,
61,Trace McSorley (NE),3,10,30.0,90,9.0,1,0,0,5,17,0,0,2,9.3,4.7,0.2%,2020,18475,,,,,,,
62,Tyrod Taylor (NYG),16,30,53.3,208,6.9,0,0,2,6,7,0,0,2,9.0,4.5,0.1%,2020,10007,264.0,Tyrod Taylor NYG (11),QB32,,,,242.0
63,Chris Streveler (FA),11,16,68.8,105,6.6,1,1,2,4,15,0,0,5,8.7,1.7,0.0%,2020,19755,,,,,,,
64,Ben DiNucci (DEN),23,43,53.5,219,5.1,0,0,7,6,22,0,2,3,7.0,2.3,0.1%,2020,19827,,,,,,,
65,Robert Griffin III (FA),8,14,57.1,42,3.0,0,2,3,12,69,0,1,4,4.6,1.2,1.0%,2020,11173,,,,,,,
66,Brian Hoyer (LV),15,24,62.5,130,5.4,0,1,2,1,8,0,1,1,3.0,3.0,0.1%,2020,9078,,,,,,,
67,Tyler Huntley (BAL),3,5,60.0,15,3.0,0,0,0,10,23,0,0,2,2.9,1.5,0.7%,2020,19297,,,,,,,
68,David Blough (ARI),6,10,60.0,49,4.9,0,1,1,1,18,0,0,1,2.8,2.8,0.0%,2020,18756,,,,,,,
69,Jameis Winston (NO),7,11,63.6,75,6.8,0,0,2,8,-6,0,0,4,2.4,0.6,0.7%,2020,13891,343.0,Jameis Winston NO (6),QB40,,,,345.0
70,Tommy Stevens (FA),0,0,0.0,0,0.0,0,0,0,4,24,0,0,1,2.4,2.4,0.0%,2020,19838,,,,,,,
71,Joshua Dobbs (CLE),4,5,80.0,2,0.4,0,0,0,2,20,0,0,1,2.1,2.1,0.1%,2020,16417,,,,,,,
72,Nathan Peterman (CHI),3,5,60.0,25,5.0,0,0,2,1,9,0,0,1,1.9,1.9,0.1%,2020,16414,,,,,,,
73,Case Keenum (HOU),5,10,50.0,46,4.6,0,0,0,0,0,0,0,2,1.8,0.9,0.0%,2020,11425,,,,,,,
74,Logan Woodside (ATL),1,3,33.3,7,2.3,0,0,0,7,10,0,0,6,1.3,0.2,0.0%,2020,17239,,,,,,,
75,Geno Smith (SEA),4,5,80.0,33,6.6,0,0,1,2,-2,0,0,1,1.1,1.1,86.4%,2020,11687,,,,,,,
76,AJ McCarron (FA),1,1,100.0,20,20.0,0,0,1,0,0,0,0,2,0.8,0.4,0.0%,2020,12091,,,,,,,
77,Tyler Bray (FA),1,5,20.0,18,3.6,0,0,0,0,0,0,0,1,0.7,0.7,0.0%,2020,11667,,,,,,,
78,John Lovett (FA),0,0,0.0,0,0.0,0,0,0,3,6,0,0,8,0.6,0.1,0.0%,2020,18820,,,,,,,
79,Joe Webb III (FA),0,0,0.0,0,0.0,0,0,0,0,0,0,0,2,0.0,0.0,0.0%,2020,9714,,,,,,,
80,Mike White (MIA),0,0,0.0,0,0.0,0,0,0,0,0,0,0,1,0.0,0.0,1.2%,2020,17447,,,,,,,
81,Easton Stick (LAC),1,1,100.0,4,4.0,0,0,0,1,-2,0,0,1,0.0,0.0,0.1%,2020,18446,,,,,,,
82,Matt Schaub (FA),0,0,0.0,0,0.0,0,0,0,3,-4,0,0,1,-0.4,-0.4,0.0%,2020,9445,,,,,,,
83,Nate Sudfeld (DET),5,12,41.7,32,2.7,0,1,2,2,12,0,1,1,-0.5,-0.5,0.0%,2020,15833,,,,,,,
84,Tim Boyle (NYJ),0,0,0.0,0,0.0,0,0,1,13,-9,0,0,8,-0.9,-0.1,0.0%,2020,17801,,,,,,,
1,Josh Allen (BUF),409,646,63.3,4407,6.8,36,15,26,122,763,6,3,17,417.7,24.6,99.9%,2021,17298,31.0,Josh Allen BUF (7),QB2,26.0,36.0,,31.3
2,Justin Herbert (LAC),443,672,65.9,5014,7.5,38,15,31,63,302,3,1,17,395.6,23.3,97.2%,2021,18635,60.0,Justin Herbert LAC (7),QB8,59.0,61.0,,62.5
3,Tom Brady (FA),485,719,67.5,5316,7.4,43,12,22,28,81,2,3,17,386.7,22.7,1.5%,2021,9603,70.0,Tom Brady,QB9,65.0,79.0,,73.8
4,Patrick Mahomes II (KC),436,658,66.3,4828,7.3,37,13,28,66,381,2,4,17,374.2,22.0,100.0%,2021,16413,17.0,Patrick Mahomes II KC (12),QB1,15.0,19.0,,18.3
5,Matthew Stafford (LAR),404,601,67.2,4886,8.1,41,17,30,32,43,0,2,17,346.8,20.4,37.5%,2021,9451,87.0,Matthew Stafford LAR (11),QB10,99.0,88.0,,91.3
6,Aaron Rodgers (NYJ),366,531,68.9,4115,7.7,37,4,30,33,101,3,0,16,336.8,21.1,89.4%,2021,9001,58.0,Aaron Rodgers NYJ (6),QB7,57.0,63.0,,59.3
7,Dak Prescott (DAL),410,596,68.8,4449,7.5,37,10,30,48,146,1,6,16,330.4,20.7,92.1%,2021,15600,55.0,Dak Prescott DAL (7),QB5,55.0,58.0,,57.3
8,Joe Burrow (CIN),366,520,70.4,4611,8.9,34,14,51,40,118,2,2,16,328.1,20.5,99.8%,2021,19196,111.0,Joe Burrow CIN (10),QB13,117.0,125.0,,114.5
9,Jalen Hurts (PHI),265,432,61.3,3144,7.3,16,9,26,139,784,10,2,15,321.2,21.4,99.9%,2021,19275,90.0,Jalen Hurts PHI (14),QB11,77.0,104.0,,94.5
10,Kyler Murray (ARI),333,481,69.2,3787,7.9,24,10,31,88,423,5,0,14,310.5,22.2,34.9%,2021,18600,39.0,Kyler Murray ARI (12),QB3,43.0,39.0,,40.3
11,Kirk Cousins (MIN),372,561,66.3,4221,7.5,33,7,28,29,115,1,2,16,307.3,19.2,88.4%,2021,11177,161.0,Kirk Cousins MIN (7),QB20,158.0,171.0,,167.3
12,Ryan Tannehill (TEN),357,531,67.2,3734,7.0,21,14,47,55,270,7,4,17,282.3,16.6,6.6%,2021,11174,92.0,Ryan Tannehill TEN (13),QB12,96.0,102.0,,96.5
13,Derek Carr (NO),428,626,68.4,4804,7.7,23,14,40,40,108,0,5,17,270.6,15.9,37.4%,2021,12092,201.0,Derek Carr NO (6),QB27,149.0,234.0,,187.7
14,Carson Wentz (FA),322,516,62.4,3563,6.9,27,7,32,57,215,1,5,17,264.9,15.6,4.6%,2021,15520,245.0,Carson Wentz,QB32,213.0,242.0,,253.7
15,Lamar Jackson (BAL),246,382,64.4,2882,7.5,16,13,38,134,767,2,3,12,253.0,21.1,99.7%,2021,17233,43.0,Lamar Jackson BAL (8),QB4,39.0,46.0,,44.5
16,Russell Wilson (DEN),259,400,64.8,3113,7.8,25,6,33,43,183,2,1,14,248.7,17.8,76.0%,2021,11180,57.0,Russell Wilson DEN (11),QB6,53.0,55.0,,58.8
17,Jimmy Garoppolo (LV),301,441,68.3,3810,8.6,20,12,29,38,51,3,3,15,239.5,16.0,10.7%,2021,12208,348.0,Jimmy Garoppolo LV (8),QB43,,,,301.0
18,Mac Jones (NE),352,521,67.6,3801,7.3,22,13,28,44,129,0,3,17,238.0,14.0,7.2%,2021,20156,156.0,Mac Jones NE (14),QB19,140.0,176.0,,164.5
19,Taylor Heinicke (ATL),321,494,65.0,3419,6.9,20,15,38,60,313,1,2,16,237.2,14.8,1.2%,2021,13932,477.0,Taylor Heinicke ATL (6),QB53,,,,443.0
20,Matt Ryan (FA),375,560,67.0,3968,7.1,20,12,40,40,82,1,4,17,234.8,13.8,6.1%,2021,9444,137.0,Matt Ryan,QB16,145.0,168.0,,145.3
21,Ben Roethlisberger (FA),390,605,64.5,3740,6.2,22,10,38,20,5,1,5,16,228.0,14.3,13.6%,2021,9039,167.0,Ben Roethlisberger,QB22,144.0,213.0,,173.0
22,Trevor Lawrence (JAC),359,602,59.6,3641,6.0,12,17,32,73,334,2,5,17,216.0,12.7,95.9%,2021,19780,127.0,Trevor Lawrence JAC (7),QB14,136.0,120.0,,132.5
23,Teddy Bridgewater (DET),285,426,66.9,3052,7.2,18,7,31,30,106,2,1,14,209.8,15.0,2.6%,2021,12088,234.0,Teddy Bridgewater DET (9),QB31,135.0,,,212.0
24,Jared Goff (DET),332,494,67.2,3245,6.6,19,8,35,17,87,0,6,14,202.4,14.5,61.0%,2021,15501,300.0,Jared Goff DET (9),QB35,,,,260.0
25,Baker Mayfield (TB),253,418,60.5,3010,7.2,17,13,43,37,134,1,3,14,193.8,13.8,4.5%,2021,17237,133.0,Baker Mayfield TB (9) O,QB15,134.0,147.0,,140.5
26,Tua Tagovailoa (MIA),263,388,67.8,2653,6.8,16,10,20,42,128,3,1,13,190.9,14.7,90.3%,2021,19198,162.0,Tua Tagovailoa MIA (14),QB21,161.0,197.0,,169.8
27,Daniel Jones (NYG),232,361,64.3,2428,6.7,10,7,22,62,298,2,3,11,174.1,15.8,85.1%,2021,18232,225.0,Daniel Jones NYG (10) O,QB29,219.0,240.0,,220.7
28,Sam Darnold (SF),243,406,59.9,2527,6.2,9,13,35,48,222,5,4,12,170.5,14.2,1.2%,2021,17236,220.0,Sam Darnold SF (6),QB28,189.0,232.0,,215.0
29,Davis Mills (HOU),263,394,66.8,2664,6.8,16,10,31,18,44,0,1,13,167.0,12.8,0.6%,2021,22799,481.0,Davis Mills HOU (10),QB54,,,,447.0
30,Zach Wilson (NYJ),213,383,55.6,2334,6.1,9,11,44,29,185,4,1,13,162.9,12.5,0.8%,2021,22679,182.0,Zach Wilson NYJ (6),QB25,182.0,190.0,,189.8
31,Justin Fields (CHI),159,270,58.9,1870,6.9,7,10,36,72,420,2,5,12,136.9,11.4,97.7%,2021,19781,138.0,Justin Fields CHI (10),QB17,172.0,136.0,,147.3
32,Jameis Winston (NO),95,161,59.0,1170,7.3,14,3,11,32,166,1,1,7,120.3,17.2,0.7%,2021,13891,168.0,Jameis Winston NO (6) O,QB23,177.0,181.0,,173.0
33,Trevor Siemian (CIN),108,188,57.4,1154,6.1,11,3,9,9,20,1,1,6,93.2,15.5,0.6%,2021,14142,,,,,,,
34,Andy Dalton (CAR),149,236,63.1,1515,6.4,8,9,18,16,76,0,1,8,93.1,11.6,0.6%,2021,9907,288.0,Andy Dalton CAR (13),QB34,,,,252.0
35,Cam Newton (FA),69,126,54.8,684,5.4,4,5,10,47,230,5,1,8,91.3,11.4,9.1%,2021,9869,229.0,Cam Newton,QB30,131.0,,,201.5
36,Tyrod Taylor (NYG),91,150,60.7,966,6.4,5,5,13,19,151,3,0,6,86.7,14.5,0.1%,2021,10007,329.0,Tyrod Taylor NYG (10),QB41,,,,278.0
37,Tyler Huntley (BAL),122,188,64.9,1081,5.8,3,4,18,47,294,2,3,7,86.7,12.4,0.7%,2021,19297,,,,,,,
38,Jacoby Brissett (WAS),141,225,62.7,1283,5.7,5,4,19,19,70,1,3,11,76.4,6.9,1.3%,2021,15642,495.0,Jacoby Brissett WAS (9),QB59,,,,461.0
39,Trey Lance (SF),41,71,57.7,603,8.5,5,2,4,38,168,1,0,6,67.0,11.2,10.5%,2021,20082,141.0,Trey Lance SF (6),QB18,209.0,131.0,,151.5
40,Geno Smith (SEA),65,95,68.4,702,7.4,5,1,13,9,42,1,1,4,55.3,13.8,86.4%,2021,11687,,,,,,,
41,Drew Lock (SEA),67,111,60.4,787,7.1,2,2,9,10,53,2,1,6,53.3,8.9,0.2%,2021,18225,337.0,Drew Lock SEA (9),QB42,,,,283.0
42,Mike White (MIA),88,132,66.7,953,7.2,5,8,4,5,-1,0,0,4,52.0,13.0,1.2%,2021,17447,,,,,,,
43,Josh Johnson (BAL),57,85,67.1,638,7.5,5,2,3,9,28,0,0,4,48.4,12.1,0.0%,2021,9326,,,,,,,
44,Colt McCoy (ARI),74,99,74.7,740,7.5,3,1,6,22,37,0,1,8,42.3,5.3,1.2%,2021,9702,,,,,,,
45,Mike Glennon (FA),90,167,53.9,790,4.7,4,10,9,7,33,1,3,6,40.9,6.8,0.6%,2021,11685,489.0,Mike Glennon,QB57,,,,455.0
46,Gardner Minshew II (IND),41,60,68.3,439,7.3,4,1,5,9,21,0,0,3,34.6,11.5,1.2%,2021,18562,497.0,Gardner Minshew II IND (14),QB60,,,,463.0
47,Tim Boyle (NYJ),61,94,64.9,526,5.6,3,6,0,2,13,0,0,4,30.4,7.6,0.0%,2021,17801,,,,,,,
48,Case Keenum (HOU),47,72,65.3,462,6.4,3,1,5,12,22,0,1,5,29.6,5.9,0.0%,2021,11425,,,,,,,
49,Cooper Rush (DAL),30,47,63.8,422,9.0,3,1,3,9,-8,0,1,4,25.1,6.3,0.2%,2021,16477,,,,,,,
50,Jordan Love (GB),36,62,58.1,411,6.6,2,3,3,12,27,0,1,6,24.2,4.0,23.3%,2021,19246,440.0,Jordan Love GB (13),QB51,,,,406.0
51,Joe Flacco (FA),27,42,64.3,338,8.0,3,0,2,2,3,0,1,2,23.8,11.9,1.0%,2021,9300,494.0,Joe Flacco,QB58,,,,460.0
52,Mason Rudolph (PIT),35,58,60.3,277,4.8,1,1,0,5,53,0,0,2,19.4,9.7,0.0%,2021,17234,,,,,,,
53,Nick Foles (FA),24,35,68.6,250,7.1,1,0,4,4,8,0,0,1,16.8,16.8,0.0%,2021,11176,,,,,,,
54,P.J. Walker (CHI),36,66,54.5,362,5.5,1,3,7,7,13,0,1,5,16.8,3.4,0.1%,2021,16841,,,,,,,
55,Marcus Mariota (PHI),1,2,50.0,4,2.0,0,0,0,13,87,1,0,7,14.9,2.1,0.7%,2021,13890,396.0,Marcus Mariota PHI (14),QB45,,,,359.0
56,Jake Fromm (WAS),27,60,45.0,210,3.5,1,3,6,8,65,0,1,3,13.9,4.6,0.0%,2021,19243,,,,,,,
57,Brandon Allen (SF),17,34,50.0,149,4.4,2,0,4,7,-1,0,0,5,13.8,2.8,0.0%,2021,15745,,,,,,,
58,Sean Mannion (FA),22,36,61.1,189,5.3,1,0,2,2,14,0,0,1,13.0,13.0,0.0%,2021,13930,,,,,,,
59,Brian Hoyer (LV),9,11,81.8,227,20.6,1,0,0,11,-8,0,0,5,12.3,2.5,0.1%,2021,9078,,,,,,,
60,Nick Mullens (MIN),20,30,66.7,147,4.9,1,0,0,0,0,0,0,1,9.9,9.9,0.1%,2021,16726,,,,,,,
61,Mitch Trubisky (PIT),6,8,75.0,43,5.4,0,1,0,13,24,1,0,5,9.1,1.8,0.6%,2021,16381,415.0,Mitch Trubisky PIT (7),QB46,,,,380.0
62,Kyle Allen (BUF),12,19,63.2,120,6.3,1,0,2,2,11,0,1,2,7.9,4.0,0.1%,2021,17869,,,,,,,
63,Garrett Gilbert (FA),20,31,64.5,194,6.3,0,0,2,0,0,0,0,1,7.8,7.8,0.0%,2021,12302,,,,,,,
64,Ian Book (PHI),12,20,60.0,135,6.8,0,2,8,3,6,0,0,1,4.0,4.0,0.0%,2021,20159,,,,,,,
65,Chad Henne (FA),11,16,68.8,82,5.1,0,0,0,8,0,0,0,4,3.3,0.8,0.1%,2021,9101,487.0,Chad Henne,QB55,,,,453.0
66,Chris Streveler (FA),6,9,66.7,36,4.0,0,0,2,3,6,0,0,2,2.0,1.0,0.0%,2021,19755,,,,,,,
67,Blaine Gabbert (KC),7,11,63.6,67,6.1,0,0,1,9,-7,0,0,6,1.9,0.3,0.1%,2021,9858,,,,,,,
68,C.J. Beathard (JAC),2,2,100.0,33,16.5,0,0,0,1,2,0,0,2,1.5,0.8,0.1%,2021,16419,,,,,,,
69,Sam Ehlinger (IND),0,0,0.0,0,0.0,0,0,0,3,9,0,0,3,0.9,0.3,0.1%,2021,19803,416.0,Sam Ehlinger IND (14),QB47,,,,381.0
70,Ryan Fitzpatrick (FA),3,6,50.0,13,2.2,0,0,1,1,2,0,0,1,0.7,0.7,0.0%,2021,9545,181.0,Ryan Fitzpatrick O,QB24,216.0,199.0,,189.8
71,David Blough (ARI),0,0,0.0,0,0.0,0,0,1,1,6,0,0,1,0.6,0.6,0.0%,2021,18756,,,,,,,
72,Kellen Mond (CLE),2,3,66.7,5,1.7,0,0,0,0,0,0,0,2,0.2,0.1,0.0%,2021,19383,,,,,,,
73,Nathan Peterman (CHI),0,0,0.0,0,0.0,0,0,0,2,2,0,0,1,0.2,0.2,0.1%,2021,16414,,,,,,,
74,Brett Rypien (LAR),0,2,0.0,0,0.0,0,0,0,0,0,0,0,1,0.0,0.0,0.0%,2021,18323,,,,,,,
75,Jacob Eason (FA),2,5,40.0,25,5.0,0,1,0,0,0,0,0,1,0.0,0.0,0.0%,2021,19220,428.0,Jacob Eason,QB48,,,,394.0
76,Trace McSorley (NE),0,0,0.0,0,0.0,0,0,0,0,0,0,0,1,0.0,0.0,0.2%,2021,18475,,,,,,,
77,Kurt Benkert (FA),0,0,0.0,0,0.0,0,0,0,2,-1,0,0,1,-0.1,-0.1,0.0%,2021,17835,,,,,,,
78,Chase Daniel (FA),0,0,0.0,0,0.0,0,0,0,2,-2,0,0,1,-0.2,-0.2,0.0%,2021,9111,,,,,,,
79,Davis Webb (FA),0,0,0.0,0,0.0,0,0,0,2,-3,0,0,1,-0.3,-0.3,0.0%,2021,16418,,,,,,,
80,Feleipe Franks (ATL),0,1,0.0,0,0.0,0,1,0,3,6,0,0,6,-0.4,-0.1,0.0%,2021,20081,,,,,,,
81,Logan Woodside (ATL),0,0,0.0,0,0.0,0,0,0,6,-6,0,0,4,-0.6,-0.2,0.0%,2021,17239,,,,,,,
82,John Wolford (TB),1,4,25.0,5,1.3,0,1,1,2,-1,0,0,2,-0.9,-0.5,0.0%,2021,18185,488.0,John Wolford TB (9),QB56,,,,454.0
83,Josh Rosen (FA),2,11,18.2,19,1.7,0,2,0,0,0,0,0,3,-1.2,-0.4,0.0%,2021,17235,,,,,,,
1,Patrick Mahomes II (KC),435,648,67.1,5250,8.1,41,12,26,61,358,4,0,17,428.9,25.2,100.0%,2022,16413,34.0,Patrick Mahomes II KC (8),QB2,34.0,32.0,,33.0
2,Josh Allen (BUF),362,573,63.2,4316,7.5,35,14,33,126,776,7,5,17,412.4,24.3,99.9%,2022,17298,21.0,Josh Allen BUF (7),QB1,22.0,22.0,,22.0
3,Jalen Hurts (PHI),306,460,66.5,3701,8.0,22,6,38,165,760,13,2,15,384.1,25.6,99.9%,2022,19275,59.0,Jalen Hurts PHI (7),QB7,57.0,63.0,,60.0
4,Joe Burrow (CIN),418,610,68.5,4527,7.4,36,12,41,76,259,5,3,17,369.0,21.7,99.8%,2022,19196,56.0,Joe Burrow CIN (10),QB6,51.0,62.0,,56.5
5,Geno Smith (SEA),399,572,69.8,4282,7.5,30,11,46,68,366,1,4,17,314.9,18.5,86.4%,2022,11687,,,,,,,
6,Justin Fields (CHI),192,318,60.4,2242,7.1,17,11,55,160,1143,8,2,15,307.0,20.5,97.7%,2022,19781,159.0,Justin Fields CHI (14),QB17,170.0,164.0,,167.0
7,Kirk Cousins (MIN),424,643,65.9,4547,7.1,29,14,46,31,97,2,3,17,305.6,18.0,88.4%,2022,11177,123.0,Kirk Cousins MIN (7),QB15,120.0,132.0,,126.0
8,Trevor Lawrence (JAC),387,584,66.3,4113,7.0,25,8,27,62,291,5,9,17,303.7,17.9,95.9%,2022,19780,168.0,Trevor Lawrence JAC (11),QB19,174.0,172.0,,173.0
9,Daniel Jones (NYG),317,472,67.2,3205,6.8,15,5,44,120,708,7,3,16,293.9,18.4,85.1%,2022,18232,245.0,Daniel Jones NYG (9),QB28,224.0,240.0,,232.0
10,Jared Goff (DET),382,587,65.1,4438,7.6,29,7,23,29,73,0,4,17,290.8,17.1,61.0%,2022,15501,215.0,Jared Goff DET (6),QB27,177.0,,,177.0
11,Justin Herbert (LAC),477,699,68.2,4739,6.8,25,10,38,54,147,0,3,17,290.3,17.1,97.2%,2022,18635,35.0,Justin Herbert LAC (8),QB3,36.0,36.0,,36.0
12,Tom Brady (FA),490,733,66.8,4694,6.4,25,9,22,29,-1,1,4,17,280.5,16.5,1.5%,2022,9603,69.0,Tom Brady,QB8,60.0,81.0,,70.5
13,Aaron Rodgers (NYJ),350,542,64.6,3695,6.8,26,12,32,34,94,1,4,17,251.3,14.8,89.4%,2022,9001,92.0,Aaron Rodgers NYJ (10),QB11,89.0,97.0,,93.0
14,Lamar Jackson (BAL),203,326,62.3,2242,6.9,17,7,26,112,764,3,2,12,243.1,20.3,99.7%,2022,17233,44.0,Lamar Jackson BAL (10),QB4,39.0,46.0,,42.5
15,Tua Tagovailoa (MIA),259,400,64.8,3548,8.9,25,8,21,24,70,0,1,13,239.0,18.4,90.3%,2022,19198,151.0,Tua Tagovailoa MIA (11),QB16,169.0,155.0,,162.0
16,Russell Wilson (DEN),292,483,60.5,3524,7.3,16,11,55,55,277,3,2,15,236.5,15.8,76.0%,2022,11180,71.0,Russell Wilson DEN (9),QB9,70.0,73.0,,71.5
17,Derek Carr (NO),305,502,60.8,3522,7.0,24,14,27,24,102,0,0,15,233.0,15.5,37.4%,2022,12092,115.0,Derek Carr NO (14),QB14,112.0,126.0,,119.0
18,Dak Prescott (DAL),261,394,66.2,2860,7.3,23,15,20,45,182,1,1,12,213.6,17.8,92.1%,2022,15600,87.0,Dak Prescott DAL (9),QB10,85.0,94.0,,89.5
19,Kyler Murray (ARI),259,390,66.4,2368,6.1,14,7,25,67,418,3,2,11,207.6,18.9,34.9%,2022,18600,55.0,Kyler Murray ARI (13) O,QB5,56.0,55.0,,55.5
20,Marcus Mariota (PHI),184,300,61.3,2219,7.4,15,9,28,85,438,4,3,13,205.7,15.8,0.7%,2022,13890,,,,,,,
21,Davis Mills (HOU),292,479,61.0,3118,6.5,17,15,31,32,108,2,3,15,196.6,13.1,0.6%,2022,22799,,,,,,,
22,Andy Dalton (CAR),252,378,66.7,2871,7.6,18,9,25,30,54,0,1,14,183.3,13.1,0.6%,2022,9907,,,,,,,
23,Mac Jones (NE),288,442,65.2,2997,6.8,14,11,34,47,102,1,1,14,181.1,12.9,7.2%,2022,20156,178.0,Mac Jones NE (10),QB21,151.0,215.0,,183.0
24,Jacoby Brissett (WAS),236,369,64.0,2608,7.1,12,6,24,49,243,2,4,14,174.7,12.5,1.3%,2022,15642,,,,,,,
25,Jimmy Garoppolo (LV),207,308,67.2,2437,7.9,16,4,18,23,33,2,2,11,168.7,15.3,10.7%,2022,12208,,,,,,,
26,Matt Ryan (FA),309,461,67.0,3057,6.6,14,13,38,27,70,1,5,12,168.3,14.0,6.1%,2022,9444,205.0,Matt Ryan,QB26,203.0,195.0,,199.0
27,Ryan Tannehill (TEN),212,325,65.2,2536,7.8,13,6,33,34,98,2,2,12,167.2,13.9,6.6%,2022,11174,200.0,Ryan Tannehill TEN (6) O,QB25,152.0,237.0,,194.5
28,Kenny Pickett (PIT),245,389,63.0,2404,6.2,7,9,27,55,237,3,1,13,159.0,12.2,27.3%,2022,22722,174.0,Kenny Pickett PIT (9),QB20,128.0,232.0,,180.0
29,Baker Mayfield (TB),201,335,60.0,2163,6.5,10,8,36,31,89,1,2,12,129.4,10.8,4.5%,2022,17237,166.0,Baker Mayfield TB (11),QB18,137.0,209.0,,173.0
30,Taylor Heinicke (ATL),161,259,62.2,1859,7.2,12,6,19,28,96,1,5,9,121.9,13.5,1.2%,2022,13932,,,,,,,
31,Carson Wentz (FA),172,276,62.3,1755,6.4,11,9,26,22,86,1,1,8,121.8,15.2,4.6%,2022,15520,190.0,Carson Wentz,QB24,139.0,,,139.0
32,Matthew Stafford (LAR),206,303,68.0,2087,6.9,10,8,29,13,9,1,3,9,116.5,12.9,37.5%,2022,9451,102.0,Matthew Stafford LAR (7) O,QB13,98.0,108.0,,103.0
33,Brock Purdy (SF),114,170,67.1,1374,8.1,13,4,11,22,13,1,0,9,110.3,12.3,23.6%,2022,19797,,,,,,,
34,Zach Wilson (NYJ),132,242,54.5,1688,7.0,6,7,23,28,102,1,1,9,105.5,11.7,0.8%,2022,22679,,,,,,,
35,Deshaun Watson (CLE),99,170,58.2,1102,6.5,7,5,20,36,175,1,0,6,90.5,15.1,92.5%,2022,16398,185.0,Deshaun Watson CLE (9),QB22,171.0,202.0,,186.5
36,Sam Darnold (SF),82,140,58.6,1143,8.2,7,3,10,26,106,2,2,6,89.3,14.9,1.2%,2022,17236,,,,,,,
37,Mitch Trubisky (PIT),117,180,65.0,1252,7.0,4,5,11,19,38,2,0,7,79.0,11.3,0.6%,2022,16381,,,,,,,
38,Mike White (MIA),103,175,58.9,1192,6.8,3,4,9,6,9,1,1,4,60.6,15.2,1.2%,2022,17447,,,,,,,
39,Cooper Rush (DAL),94,162,58.0,1051,6.5,5,3,7,9,6,0,0,8,59.6,7.5,0.2%,2022,16477,,,,,,,
40,Tyler Huntley (BAL),75,112,67.0,658,5.9,2,3,7,43,137,1,0,5,53.0,10.6,0.7%,2022,19297,,,,,,,
41,Joe Flacco (FA),110,191,57.6,1051,5.5,5,3,10,3,6,0,4,5,51.4,10.3,1.0%,2022,9300,,,,,,,
42,Jameis Winston (NO),73,115,63.5,858,7.5,4,5,11,5,16,0,0,3,48.9,16.3,0.7%,2022,13891,188.0,Jameis Winston NO (14),QB23,188.0,186.0,,187.0
43,Jarrett Stidham (DEN),53,83,63.9,656,7.9,4,3,7,14,84,0,1,3,45.7,15.2,0.1%,2022,18604,,,,,,,
44,P.J. Walker (CHI),63,106,59.4,731,6.9,3,3,7,6,39,0,0,6,42.2,7.0,0.1%,2022,16841,,,,,,,
45,Bailey Zappe (NE),65,92,70.7,781,8.5,5,3,6,10,0,0,3,4,42.2,10.6,0.7%,2022,24027,,,,,,,
46,Teddy Bridgewater (DET),49,79,62.0,683,8.6,4,4,7,3,27,0,0,5,42.0,8.4,2.6%,2022,12088,,,,,,,
47,Gardner Minshew II (IND),44,76,57.9,663,8.7,3,3,6,7,3,1,1,5,39.8,8.0,1.2%,2022,18562,,,,,,,
48,Desmond Ridder (ATL),73,115,63.5,708,6.2,2,0,9,16,64,0,2,4,38.8,9.7,5.0%,2022,20080,,,,,,,
49,Sam Ehlinger (IND),64,101,63.4,573,5.7,3,3,14,17,87,0,1,4,38.6,9.7,0.1%,2022,19803,,,,,,,
50,Colt McCoy (ARI),90,132,68.2,780,5.9,1,3,13,14,36,0,0,4,35.7,8.9,1.2%,2022,9702,,,,,,,
51,Joshua Dobbs (CLE),40,68,58.8,411,6.0,2,2,6,8,44,0,2,2,22.9,11.5,0.1%,2022,16417,,,,,,,
52,Malik Willis (TEN),31,61,50.8,276,4.5,0,3,10,27,123,1,2,7,22.3,3.2,0.7%,2022,23499,,,,,,,
53,Brett Rypien (LAR),53,88,60.2,483,5.5,2,4,8,6,7,0,1,4,22.0,5.5,0.0%,2022,18323,,,,,,,
54,Davis Webb (FA),23,40,57.5,168,4.2,1,0,0,6,41,1,0,1,20.8,20.8,0.0%,2022,16418,,,,,,,
55,David Blough (ARI),38,58,65.5,402,6.9,2,2,5,4,5,0,1,2,20.6,10.3,0.0%,2022,18756,,,,,,,
56,Skylar Thompson (MIA),60,105,57.1,534,5.1,1,3,6,14,21,0,2,7,20.5,2.9,0.1%,2022,24170,,,,,,,
57,Kyle Allen (BUF),46,78,59.0,416,5.3,2,4,5,6,13,0,1,3,19.9,6.6,0.1%,2022,17869,,,,,,,
58,Sam Howell (WAS),11,19,57.9,169,8.9,1,1,3,5,35,1,0,1,19.3,19.3,7.6%,2022,23045,,,,,,,
59,John Wolford (TB),38,62,61.3,390,6.3,1,3,7,8,32,0,1,2,17.8,8.9,0.0%,2022,18185,,,,,,,
60,Bryce Perkins (FA),19,34,55.9,161,4.7,1,2,6,19,90,0,0,5,17.5,3.5,0.1%,2022,19415,,,,,,,
61,Jeff Driskel (ARI),14,20,70.0,108,5.4,1,0,2,20,75,0,0,7,16.7,2.4,0.0%,2022,15615,,,,,,,
62,Trace McSorley (NE),45,83,54.2,412,5.0,0,5,3,15,61,0,2,5,13.7,2.7,0.2%,2022,18475,,,,,,,
63,Trey Lance (SF),15,31,48.4,194,6.3,0,1,2,16,67,0,0,3,13.5,4.5,10.5%,2022,20082,97.0,Trey Lance SF (9) O,QB12,92.0,104.0,,98.0
64,Nick Mullens (MIN),21,25,84.0,224,9.0,1,1,0,4,8,0,0,4,12.8,3.2,0.1%,2022,16726,,,,,,,
65,Tyrod Taylor (NYG),6,8,75.0,58,7.3,1,1,3,5,70,0,1,3,12.3,4.1,0.1%,2022,10007,,,,,,,
66,Jordan Love (GB),14,21,66.7,195,9.3,1,0,0,1,-1,0,0,4,11.7,2.9,23.3%,2022,19246,,,,,,,
67,Trevor Siemian (CIN),15,26,57.7,184,7.1,1,1,2,4,8,0,0,2,11.2,5.6,0.6%,2022,14142,,,,,,,
68,Nathan Peterman (CHI),14,25,56.0,139,5.6,1,1,1,2,7,0,0,3,9.3,3.1,0.1%,2022,16414,,,,,,,
69,Chris Streveler (FA),10,15,66.7,90,6.0,0,0,0,9,54,0,0,1,9.0,9.0,0.0%,2022,19755,,,,,,,
70,Chase Daniel (FA),8,12,66.7,52,4.3,1,0,1,1,4,0,0,3,8.5,2.8,0.0%,2022,9111,,,,,,,
71,Anthony Brown (BAL),22,49,44.9,302,6.2,0,2,5,3,-5,0,1,2,7.5,3.8,0.0%,2022,24113,,,,,,,
72,Nick Foles (FA),25,42,59.5,224,5.3,0,4,8,2,8,0,0,2,5.7,2.9,0.0%,2022,11176,,,,,,,
73,Blaine Gabbert (KC),6,8,75.0,29,3.6,1,0,0,0,0,0,0,1,5.2,5.2,0.1%,2022,9858,,,,,,,
74,Brian Hoyer (LV),5,6,83.3,37,6.2,0,0,1,0,0,0,0,1,1.5,1.5,0.1%,2022,9078,,,,,,,
75,Jacob Eason (FA),3,5,60.0,59,11.8,0,1,0,0,0,0,0,1,1.4,1.4,0.0%,2022,19220,,,,,,,
76,Kyle Trask (TB),3,9,33.3,23,2.6,0,0,0,0,0,0,0,1,0.9,0.9,1.3%,2022,19800,,,,,,,
77,Brandon Allen (SF),3,3,100.0,22,7.3,0,0,1,3,-1,0,0,1,0.8,0.8,0.0%,2022,15745,,,,,,,
78,Josh Johnson (BAL),1,2,50.0,10,5.0,0,0,0,2,3,0,0,1,0.7,0.7,0.0%,2022,9326,,,,,,,
79,Case Keenum (HOU),2,7,28.6,8,1.1,0,0,0,5,0,0,0,2,0.3,0.2,0.0%,2022,11425,,,,,,,
80,Bryce Young (CAR),0,0,0.0,0,0.0,0,0,0,0,0,0,0,0,0.0,0.0,25.1%,2022,22900,,,,,,,
81,Chase Garbers (LV),0,0,0.0,0,0.0,0,0,0,0,0,0,0,0,0.0,0.0,0.0%,2022,22919,,,,,,,
82,Brett Ratliff (TEN),0,0,0.0,0,0.0,0,0,0,0,0,0,0,0,0.0,0.0,0.0%,2022,9072,,,,,,,
83,Ben DiNucci (DEN),0,0,0.0,0,0.0,0,0,0,0,0,0,0,0,0.0,0.0,0.1%,2022,19827,,,,,,,
84,Reid Sinnett (CIN),0,0,0.0,0,0.0,0,0,0,0,0,0,0,0,0.0,0.0,0.0%,2022,19941,,,,,,,
85,Sean Clifford (GB),0,0,0.0,0,0.0,0,0,0,0,0,0,0,0,0.0,0.0,0.1%,2022,20073,,,,,,,
86,Tanner Morgan (PIT),0,0,0.0,0,0.0,0,0,0,0,0,0,0,0,0.0,0.0,0.0%,2022,20078,,,,,,,
87,Feleipe Franks (ATL),0,0,0.0,0,0.0,0,0,0,1,0,0,0,5,0.0,0.0,0.0%,2022,20081,,,,,,,
88,Jake Luton (CAR),0,0,0.0,0,0.0,0,0,0,0,0,0,0,0,0.0,0.0,0.0%,2022,19618,,,,,,,
89,Holton Ahlers (SEA),0,0,0.0,0,0.0,0,0,0,0,0,0,0,0,0.0,0.0,0.0%,2022,22939,,,,,,,
90,Dorian Thompson-Robinson (CLE),0,0,0.0,0,0.0,0,0,0,0,0,0,0,0,0.0,0.0,0.1%,2022,20086,,,,,,,
91,Ian Book (PHI),0,0,0.0,0,0.0,0,0,0,0,0,0,0,0,0.0,0.0,0.0%,2022,20159,,,,,,,
92,Jake Haener (NO),0,0,0.0,0,0.0,0,0,0,0,0,0,0,0,0.0,0.0,0.1%,2022,24728,,,,,,,
93,Tanner McKee (PHI),0,0,0.0,0,0.0,0,0,0,0,0,0,0,0,0.0,0.0,0.0%,2022,24740,,,,,,,
94,Davis Cheek (FA),0,0,0.0,0,0.0,0,0,0,0,0,0,0,1,0.0,0.0,0.0%,2022,24609,,,,,,,
95,Anthony Richardson (IND),0,0,0.0,0,0.0,0,0,0,0,0,0,0,0,0.0,0.0,78.3%,2022,24347,,,,,,,
96,Chris Oladokun (KC),0,0,0.0,0,0.0,0,0,0,0,0,0,0,0,0.0,0.0,0.0%,2022,24575,,,,,,,
97,Hendon Hooker (DET),0,0,0.0,0,0.0,0,0,0,0,0,0,0,0,0.0,0.0,1.4%,2022,24332,,,,,,,
98,Tommy DeVito (NYG),0,0,0.0,0,0.0,0,0,0,0,0,0,0,0,0.0,0.0,0.0%,2022,25746,,,,,,,
99,Clayton Tune (ARI),0,0,0.0,0,0.0,0,0,0,0,0,0,0,0,0.0,0.0,0.1%,2022,25227,,,,,,,
100,Nathan Rourke (JAC),0,0,0.0,0,0.0,0,0,0,0,0,0,0,0,0.0,0.0,0.0%,2022,25319,,,,,,,
101,Tyson Bagent (CHI),0,0,0.0,0,0.0,0,0,0,0,0,0,0,0,0.0,0.0,0.0%,2022,25321,,,,,,,
102,Dresser Winn (LAR),0,0,0.0,0,0.0,0,0,0,0,0,0,0,0,0.0,0.0,0.0%,2022,25628,,,,,,,
103,Aidan O'Connell (LV),0,0,0.0,0,0.0,0,0,0,0,0,0,0,0,0.0,0.0,0.1%,2022,24330,,,,,,,
104,C.J. Stroud (HOU),0,0,0.0,0,0.0,0,0,0,0,0,0,0,0,0.0,0.0,12.0%,2022,23071,,,,,,,
105,Max Duggan (LAC),0,0,0.0,0,0.0,0,0,0,0,0,0,0,0,0.0,0.0,0.1%,2022,23121,,,,,,,
106,Adrian Martinez (DET),0,0,0.0,0,0.0,0,0,0,0,0,0,0,0,0.0,0.0,0.0%,2022,23040,,,,,,,
107,Will Levis (TEN),0,0,0.0,0,0.0,0,0,0,0,0,0,0,0,0.0,0.0,2.0%,2022,22987,,,,,,,
108,Malik Cunningham (NE),0,0,0.0,0,0.0,0,0,0,0,0,0,0,0,0.0,0.0,0.0%,2022,22988,,,,,,,
109,Matt Corral (CAR),0,0,0.0,0,0.0,0,0,0,0,0,0,0,2,0.0,0.0,0.1%,2022,23028,,,,,,,
110,Stetson Bennett (LAR),0,0,0.0,0,0.0,0,0,0,0,0,0,0,0,0.0,0.0,0.8%,2022,23927,,,,,,,
111,Jaren Hall (MIN),0,0,0.0,0,0.0,0,0,0,0,0,0,0,0,0.0,0.0,0.1%,2022,24073,,,,,,,
112,Kellen Mond (CLE),0,0,0.0,0,0.0,0,0,0,0,0,0,0,0,0.0,0.0,0.0%,2022,19383,,,,,,,
113,Matt Barkley (BUF),0,0,0.0,0,0.0,0,0,0,0,0,0,0,1,0.0,0.0,0.1%,2022,11686,,,,,,,
114,Brett Smith (TB),0,0,0.0,0,0.0,0,0,0,0,0,0,0,0,0.0,0.0,0.0%,2022,12210,,,,,,,
115,Ben Chappell (WAS),0,0,0.0,0,0.0,0,0,0,0,0,0,0,0,0.0,0.0,0.0%,2022,10077,,,,,,,
116,Adam Froman (ATL),0,0,0.0,0,0.0,0,0,0,0,0,0,0,0,0.0,0.0,0.0%,2022,10969,,,,,,,
117,Hunter Cantwell (BAL),0,0,0.0,0,0.0,0,0,0,0,0,0,0,0,0.0,0.0,0.0%,2022,9761,,,,,,,
118,Erik Ainge (NYJ),0,0,0.0,0,0.0,0,0,0,0,0,0,0,0,0.0,0.0,0.0%,2022,9756,,,,,,,
119,Shane Buechele (KC),0,0,0.0,0,0.0,0,0,0,0,0,0,0,0,0.0,0.0,0.0%,2022,19376,,,,,,,
120,Alex McGough (GB),0,0,0.0,0,0.0,0,0,0,0,0,0,0,0,0.0,0.0,0.0%,2022,17630,,,,,,,
121,Mason Rudolph (PIT),0,0,0.0,0,0.0,0,0,0,0,0,0,0,0,0.0,0.0,0.0%,2022,17234,,,,,,,
122,Logan Woodside (ATL),0,0,0.0,0,0.0,0,0,0,0,0,0,0,1,0.0,0.0,0.0%,2022,17239,,,,,,,
123,Jake Fromm (WAS),0,0,0.0,0,0.0,0,0,0,0,0,0,0,0,0.0,0.0,0.0%,2022,19243,,,,,,,
124,Drew Lock (SEA),0,0,0.0,0,0.0,0,0,0,0,0,0,0,0,0.0,0.0,0.2%,2022,18225,,,,,,,
125,Will Grier (DAL),0,0,0.0,0,0.0,0,0,0,0,0,0,0,0,0.0,0.0,0.0%,2022,18241,,,,,,,
126,Easton Stick (LAC),0,0,0.0,0,0.0,0,0,0,0,0,0,0,0,0.0,0.0,0.1%,2022,18446,,,,,,,
127,Jake Browning (CIN),0,0,0.0,0,0.0,0,0,0,0,0,0,0,0,0.0,0.0,0.0%,2022,18557,,,,,,,
128,C.J. Beathard (JAC),7,11,63.6,35,3.2,0,1,1,4,-4,0,0,4,0.0,0.0,0.1%,2022,16419,,,,,,,
129,Nate Sudfeld (DET),0,0,0.0,0,0.0,0,0,1,5,-4,0,0,2,-0.4,-0.2,0.0%,2022,15833,,,,,,,
130,Chad Henne (FA),0,2,0.0,0,0.0,0,0,0,5,-5,0,0,3,-0.5,-0.2,0.1%,2022,9101,,,,,,,
131,Tim Boyle (NYJ),2,8,25.0,33,4.1,0,2,0,2,-2,0,0,1,-0.9,-0.9,0.0%,2022,17801,,,,,,,
1,Patrick Mahomes II (KC),435,648,67.1,5250,8.1,41,12,26,61,358,4,0,17,428.9,25.2,100.0%,2023,16413,15.0,Patrick Mahomes II KC (10),QB1,14.0,15.0,16.0,15.0
2,Josh Allen (BUF),362,573,63.2,4316,7.5,35,14,33,126,776,7,5,17,412.4,24.3,99.9%,2023,17298,21.0,Josh Allen BUF (13),QB2,23.0,22.0,15.0,20.0
3,Jalen Hurts (PHI),306,460,66.5,3701,8.0,22,6,38,165,760,13,2,15,384.1,25.6,99.9%,2023,19275,23.0,Jalen Hurts PHI (10),QB3,22.0,24.0,22.0,22.7
4,Joe Burrow (CIN),418,610,68.5,4527,7.4,36,12,41,76,259,5,3,17,369.0,21.7,99.8%,2023,19196,34.0,Joe Burrow CIN (7),QB5,39.0,34.0,32.0,35.0
5,Geno Smith (SEA),399,572,69.8,4282,7.5,30,11,46,68,366,1,4,17,314.9,18.5,86.4%,2023,11687,110.0,Geno Smith SEA (5),QB15,121.0,119.0,108.0,116.0
6,Justin Fields (CHI),192,318,60.4,2242,7.1,17,11,55,160,1143,8,2,15,307.0,20.5,97.7%,2023,19781,47.0,Justin Fields CHI (13),QB7,49.0,45.0,47.0,47.0
7,Kirk Cousins (MIN),424,643,65.9,4547,7.1,29,14,46,31,97,2,3,17,305.6,18.0,88.4%,2023,11177,101.0,Kirk Cousins MIN (13),QB13,110.0,109.0,102.0,107.0
8,Trevor Lawrence (JAC),387,584,66.3,4113,7.0,25,8,27,62,291,5,9,17,303.7,17.9,95.9%,2023,19780,53.0,Trevor Lawrence JAC (9),QB8,56.0,59.0,53.0,56.0
9,Daniel Jones (NYG),317,472,67.2,3205,6.8,15,5,44,120,708,7,3,16,293.9,18.4,85.1%,2023,18232,103.0,Daniel Jones NYG (13),QB14,107.0,122.0,98.0,109.0
10,Jared Goff (DET),382,587,65.1,4438,7.6,29,7,23,29,73,0,4,17,290.8,17.1,61.0%,2023,15501,116.0,Jared Goff DET (9),QB17,144.0,125.0,105.0,124.7
11,Justin Herbert (LAC),477,699,68.2,4739,6.8,25,10,38,54,147,0,3,17,290.3,17.1,97.2%,2023,18635,46.0,Justin Herbert LAC (5),QB6,51.0,46.0,41.0,46.0
12,Tom Brady (FA),490,733,66.8,4694,6.4,25,9,22,29,-1,1,4,17,280.5,16.5,1.5%,2023,9603,,,,,,,
13,Aaron Rodgers (NYJ),350,542,64.6,3695,6.8,26,12,32,34,94,1,4,17,251.3,14.8,89.4%,2023,9001,100.0,Aaron Rodgers NYJ (7),QB12,101.0,113.0,107.0,107.0
14,Lamar Jackson (BAL),203,326,62.3,2242,6.9,17,7,26,112,764,3,2,12,243.1,20.3,99.7%,2023,17233,33.0,Lamar Jackson BAL (13),QB4,37.0,35.0,31.0,34.3
15,Tua Tagovailoa (MIA),259,400,64.8,3548,8.9,25,8,21,24,70,0,1,13,239.0,18.4,90.3%,2023,19198,87.0,Tua Tagovailoa MIA (10),QB11,86.0,94.0,91.0,90.3
16,Russell Wilson (DEN),292,483,60.5,3524,7.3,16,11,55,55,277,3,2,15,236.5,15.8,76.0%,2023,11180,137.0,Russell Wilson DEN (9),QB18,177.0,141.0,121.0,146.3
17,Derek Carr (NO),305,502,60.8,3522,7.0,24,14,27,24,102,0,0,15,233.0,15.5,37.4%,2023,12092,165.0,Derek Carr NO (11),QB24,205.0,157.0,139.0,167.0
18,Dak Prescott (DAL),261,394,66.2,2860,7.3,23,15,20,45,182,1,1,12,213.6,17.8,92.1%,2023,15600,77.0,Dak Prescott DAL (7),QB9,67.0,85.0,81.0,77.7
19,Kyler Murray (ARI),259,390,66.4,2368,6.1,14,7,25,67,418,3,2,11,207.6,18.9,34.9%,2023,18600,171.0,Kyler Murray ARI (14),QB25,202.0,147.0,166.0,171.7
20,Marcus Mariota (PHI),184,300,61.3,2219,7.4,15,9,28,85,438,4,3,13,205.7,15.8,0.7%,2023,13890,,,,,,,
21,Davis Mills (HOU),292,479,61.0,3118,6.5,17,15,31,32,108,2,3,15,196.6,13.1,0.6%,2023,22799,,,,,,,
22,Andy Dalton (CAR),252,378,66.7,2871,7.6,18,9,25,30,54,0,1,14,183.3,13.1,0.6%,2023,9907,,,,,,,
23,Mac Jones (NE),288,442,65.2,2997,6.8,14,11,34,47,102,1,1,14,181.1,12.9,7.2%,2023,20156,188.0,Mac Jones NE (11),QB28,128.0,240.0,190.0,186.0
24,Jacoby Brissett (WAS),236,369,64.0,2608,7.1,12,6,24,49,243,2,4,14,174.7,12.5,1.3%,2023,15642,,,,,,,
25,Jimmy Garoppolo (LV),207,308,67.2,2437,7.9,16,4,18,23,33,2,2,11,168.7,15.3,10.7%,2023,12208,184.0,Jimmy Garoppolo LV (13),QB27,127.0,229.0,183.0,179.7
26,Matt Ryan (FA),309,461,67.0,3057,6.6,14,13,38,27,70,1,5,12,168.3,14.0,6.1%,2023,9444,,,,,,,
27,Ryan Tannehill (TEN),212,325,65.2,2536,7.8,13,6,33,34,98,2,2,12,167.2,13.9,6.6%,2023,11174,219.0,Ryan Tannehill TEN (7),QB30,,216.0,179.0,197.5
28,Kenny Pickett (PIT),245,389,63.0,2404,6.2,7,9,27,55,237,3,1,13,159.0,12.2,27.3%,2023,22722,144.0,Kenny Pickett PIT (6),QB21,132.0,182.0,156.0,156.7
29,Baker Mayfield (TB),201,335,60.0,2163,6.5,10,8,36,31,89,1,2,12,129.4,10.8,4.5%,2023,17237,242.0,Baker Mayfield TB (5),QB33,,256.0,194.0,225.0
30,Taylor Heinicke (ATL),161,259,62.2,1859,7.2,12,6,19,28,96,1,5,9,121.9,13.5,1.2%,2023,13932,,,,,,,
31,Carson Wentz (FA),172,276,62.3,1755,6.4,11,9,26,22,86,1,1,8,121.8,15.2,4.6%,2023,15520,,,,,,,
32,Matthew Stafford (LAR),206,303,68.0,2087,6.9,10,8,29,13,9,1,3,9,116.5,12.9,37.5%,2023,9451,174.0,Matthew Stafford LAR (10),QB26,210.0,165.0,146.0,173.7
33,Brock Purdy (SF),114,170,67.1,1374,8.1,13,4,11,22,13,1,0,9,110.3,12.3,23.6%,2023,19797,143.0,Brock Purdy SF (9),QB20,129.0,170.0,168.0,155.7
34,Zach Wilson (NYJ),132,242,54.5,1688,7.0,6,7,23,28,102,1,1,9,105.5,11.7,0.8%,2023,22679,,,,,,,
35,Deshaun Watson (CLE),99,170,58.2,1102,6.5,7,5,20,36,175,1,0,6,90.5,15.1,92.5%,2023,16398,81.0,Deshaun Watson CLE (5),QB10,83.0,87.0,78.0,82.7
36,Sam Darnold (SF),82,140,58.6,1143,8.2,7,3,10,26,106,2,2,6,89.3,14.9,1.2%,2023,17236,,,,,,,
37,Mitch Trubisky (PIT),117,180,65.0,1252,7.0,4,5,11,19,38,2,0,7,79.0,11.3,0.6%,2023,16381,,,,,,,
38,Mike White (MIA),103,175,58.9,1192,6.8,3,4,9,6,9,1,1,4,60.6,15.2,1.2%,2023,17447,279.0,Mike White MIA (10),QB37,,,220.0,220.0
39,Cooper Rush (DAL),94,162,58.0,1051,6.5,5,3,7,9,6,0,0,8,59.6,7.5,0.2%,2023,16477,,,,,,,
40,Tyler Huntley (BAL),75,112,67.0,658,5.9,2,3,7,43,137,1,0,5,53.0,10.6,0.7%,2023,19297,,,,,,,
41,Joe Flacco (FA),110,191,57.6,1051,5.5,5,3,10,3,6,0,4,5,51.4,10.3,1.0%,2023,9300,,,,,,,
42,Jameis Winston (NO),73,115,63.5,858,7.5,4,5,11,5,16,0,0,3,48.9,16.3,0.7%,2023,13891,,,,,,,
43,Jarrett Stidham (DEN),53,83,63.9,656,7.9,4,3,7,14,84,0,1,3,45.7,15.2,0.1%,2023,18604,,,,,,,
44,P.J. Walker (CHI),63,106,59.4,731,6.9,3,3,7,6,39,0,0,6,42.2,7.0,0.1%,2023,16841,,,,,,,
45,Bailey Zappe (NE),65,92,70.7,781,8.5,5,3,6,10,0,0,3,4,42.2,10.6,0.7%,2023,24027,,,,,,,
46,Teddy Bridgewater (DET),49,79,62.0,683,8.6,4,4,7,3,27,0,0,5,42.0,8.4,2.6%,2023,12088,,,,,,,
47,Gardner Minshew II (IND),44,76,57.9,663,8.7,3,3,6,7,3,1,1,5,39.8,8.0,1.2%,2023,18562,282.0,Gardner Minshew II IND (11),QB38,,,222.0,222.0
48,Desmond Ridder (ATL),73,115,63.5,708,6.2,2,0,9,16,64,0,2,4,38.8,9.7,5.0%,2023,20080,231.0,Desmond Ridder ATL (11),QB32,,228.0,199.0,213.5
49,Sam Ehlinger (IND),64,101,63.4,573,5.7,3,3,14,17,87,0,1,4,38.6,9.7,0.1%,2023,19803,,,,,,,
50,Colt McCoy (ARI),90,132,68.2,780,5.9,1,3,13,14,36,0,0,4,35.7,8.9,1.2%,2023,9702,273.0,Colt McCoy ARI (14),QB36,,,218.0,218.0
51,Joshua Dobbs (CLE),40,68,58.8,411,6.0,2,2,6,8,44,0,2,2,22.9,11.5,0.1%,2023,16417,,,,,,,
52,Malik Willis (TEN),31,61,50.8,276,4.5,0,3,10,27,123,1,2,7,22.3,3.2,0.7%,2023,23499,,,,,,,
53,Brett Rypien (LAR),53,88,60.2,483,5.5,2,4,8,6,7,0,1,4,22.0,5.5,0.0%,2023,18323,,,,,,,
54,Davis Webb (FA),23,40,57.5,168,4.2,1,0,0,6,41,1,0,1,20.8,20.8,0.0%,2023,16418,,,,,,,
55,David Blough (ARI),38,58,65.5,402,6.9,2,2,5,4,5,0,1,2,20.6,10.3,0.0%,2023,18756,,,,,,,
56,Skylar Thompson (MIA),60,105,57.1,534,5.1,1,3,6,14,21,0,2,7,20.5,2.9,0.1%,2023,24170,,,,,,,
57,Kyle Allen (BUF),46,78,59.0,416,5.3,2,4,5,6,13,0,1,3,19.9,6.6,0.1%,2023,17869,,,,,,,
58,Sam Howell (WAS),11,19,57.9,169,8.9,1,1,3,5,35,1,0,1,19.3,19.3,7.6%,2023,23045,225.0,Sam Howell WAS (14),QB31,,220.0,185.0,202.5
59,John Wolford (TB),38,62,61.3,390,6.3,1,3,7,8,32,0,1,2,17.8,8.9,0.0%,2023,18185,,,,,,,
60,Bryce Perkins (FA),19,34,55.9,161,4.7,1,2,6,19,90,0,0,5,17.5,3.5,0.1%,2023,19415,,,,,,,
61,Jeff Driskel (ARI),14,20,70.0,108,5.4,1,0,2,20,75,0,0,7,16.7,2.4,0.0%,2023,15615,,,,,,,
62,Trace McSorley (NE),45,83,54.2,412,5.0,0,5,3,15,61,0,2,5,13.7,2.7,0.2%,2023,18475,,,,,,,
63,Trey Lance (SF),15,31,48.4,194,6.3,0,1,2,16,67,0,0,3,13.5,4.5,10.5%,2023,20082,208.0,Trey Lance SF (9),QB29,212.0,226.0,215.0,217.7
64,Nick Mullens (MIN),21,25,84.0,224,9.0,1,1,0,4,8,0,0,4,12.8,3.2,0.1%,2023,16726,,,,,,,
65,Tyrod Taylor (NYG),6,8,75.0,58,7.3,1,1,3,5,70,0,1,3,12.3,4.1,0.1%,2023,10007,,,,,,,
66,Jordan Love (GB),14,21,66.7,195,9.3,1,0,0,1,-1,0,0,4,11.7,2.9,23.3%,2023,19246,157.0,Jordan Love GB (6),QB23,174.0,154.0,160.0,162.7
67,Trevor Siemian (CIN),15,26,57.7,184,7.1,1,1,2,4,8,0,0,2,11.2,5.6,0.6%,2023,14142,,,,,,,
68,Nathan Peterman (CHI),14,25,56.0,139,5.6,1,1,1,2,7,0,0,3,9.3,3.1,0.1%,2023,16414,,,,,,,
69,Chris Streveler (FA),10,15,66.7,90,6.0,0,0,0,9,54,0,0,1,9.0,9.0,0.0%,2023,19755,,,,,,,
70,Chase Daniel (FA),8,12,66.7,52,4.3,1,0,1,1,4,0,0,3,8.5,2.8,0.0%,2023,9111,,,,,,,
71,Anthony Brown (BAL),22,49,44.9,302,6.2,0,2,5,3,-5,0,1,2,7.5,3.8,0.0%,2023,24113,,,,,,,
72,Nick Foles (FA),25,42,59.5,224,5.3,0,4,8,2,8,0,0,2,5.7,2.9,0.0%,2023,11176,,,,,,,
73,Blaine Gabbert (KC),6,8,75.0,29,3.6,1,0,0,0,0,0,0,1,5.2,5.2,0.1%,2023,9858,,,,,,,
74,Brian Hoyer (LV),5,6,83.3,37,6.2,0,0,1,0,0,0,0,1,1.5,1.5,0.1%,2023,9078,,,,,,,
75,Jacob Eason (FA),3,5,60.0,59,11.8,0,1,0,0,0,0,0,1,1.4,1.4,0.0%,2023,19220,331.0,Jacob Eason,QB40,,295.0,,295.0
76,Kyle Trask (TB),3,9,33.3,23,2.6,0,0,0,0,0,0,0,1,0.9,0.9,1.3%,2023,19800,262.0,Kyle Trask TB (5),QB34,,277.0,223.0,250.0
77,Brandon Allen (SF),3,3,100.0,22,7.3,0,0,1,3,-1,0,0,1,0.8,0.8,0.0%,2023,15745,,,,,,,
78,Josh Johnson (BAL),1,2,50.0,10,5.0,0,0,0,2,3,0,0,1,0.7,0.7,0.0%,2023,9326,,,,,,,
79,Case Keenum (HOU),2,7,28.6,8,1.1,0,0,0,5,0,0,0,2,0.3,0.2,0.0%,2023,11425,,,,,,,
80,Bryce Young (CAR),0,0,0.0,0,0.0,0,0,0,0,0,0,0,0,0.0,0.0,25.1%,2023,22900,140.0,Bryce Young CAR (7),QB19,142.0,144.0,171.0,152.3
81,Chase Garbers (LV),0,0,0.0,0,0.0,0,0,0,0,0,0,0,0,0.0,0.0,0.0%,2023,22919,,,,,,,
82,Brett Ratliff (TEN),0,0,0.0,0,0.0,0,0,0,0,0,0,0,0,0.0,0.0,0.0%,2023,9072,,,,,,,
83,Ben DiNucci (DEN),0,0,0.0,0,0.0,0,0,0,0,0,0,0,0,0.0,0.0,0.1%,2023,19827,,,,,,,
84,Reid Sinnett (CIN),0,0,0.0,0,0.0,0,0,0,0,0,0,0,0,0.0,0.0,0.0%,2023,19941,,,,,,,
85,Sean Clifford (GB),0,0,0.0,0,0.0,0,0,0,0,0,0,0,0,0.0,0.0,0.1%,2023,20073,,,,,,,
86,Tanner Morgan (PIT),0,0,0.0,0,0.0,0,0,0,0,0,0,0,0,0.0,0.0,0.0%,2023,20078,,,,,,,
87,Feleipe Franks (ATL),0,0,0.0,0,0.0,0,0,0,1,0,0,0,5,0.0,0.0,0.0%,2023,20081,,,,,,,
88,Jake Luton (CAR),0,0,0.0,0,0.0,0,0,0,0,0,0,0,0,0.0,0.0,0.0%,2023,19618,,,,,,,
89,Holton Ahlers (SEA),0,0,0.0,0,0.0,0,0,0,0,0,0,0,0,0.0,0.0,0.0%,2023,22939,,,,,,,
90,Dorian Thompson-Robinson (CLE),0,0,0.0,0,0.0,0,0,0,0,0,0,0,0,0.0,0.0,0.1%,2023,20086,,,,,,,
91,Ian Book (PHI),0,0,0.0,0,0.0,0,0,0,0,0,0,0,0,0.0,0.0,0.0%,2023,20159,,,,,,,
92,Jake Haener (NO),0,0,0.0,0,0.0,0,0,0,0,0,0,0,0,0.0,0.0,0.1%,2023,24728,,,,,,,
93,Tanner McKee (PHI),0,0,0.0,0,0.0,0,0,0,0,0,0,0,0,0.0,0.0,0.0%,2023,24740,,,,,,,
94,Davis Cheek (FA),0,0,0.0,0,0.0,0,0,0,0,0,0,0,1,0.0,0.0,0.0%,2023,24609,,,,,,,
95,Anthony Richardson (IND),0,0,0.0,0,0.0,0,0,0,0,0,0,0,0,0.0,0.0,78.3%,2023,24347,111.0,Anthony Richardson IND (11),QB16,131.0,101.0,117.0,116.3
96,Chris Oladokun (KC),0,0,0.0,0,0.0,0,0,0,0,0,0,0,0,0.0,0.0,0.0%,2023,24575,,,,,,,
97,Hendon Hooker (DET),0,0,0.0,0,0.0,0,0,0,0,0,0,0,0,0.0,0.0,1.4%,2023,24332,,,,,,,
98,Tommy DeVito (NYG),0,0,0.0,0,0.0,0,0,0,0,0,0,0,0,0.0,0.0,0.0%,2023,25746,,,,,,,
99,Clayton Tune (ARI),0,0,0.0,0,0.0,0,0,0,0,0,0,0,0,0.0,0.0,0.1%,2023,25227,,,,,,,
100,Nathan Rourke (JAC),0,0,0.0,0,0.0,0,0,0,0,0,0,0,0,0.0,0.0,0.0%,2023,25319,,,,,,,
101,Tyson Bagent (CHI),0,0,0.0,0,0.0,0,0,0,0,0,0,0,0,0.0,0.0,0.0%,2023,25321,,,,,,,
102,Dresser Winn (LAR),0,0,0.0,0,0.0,0,0,0,0,0,0,0,0,0.0,0.0,0.0%,2023,25628,,,,,,,
103,Aidan O'Connell (LV),0,0,0.0,0,0.0,0,0,0,0,0,0,0,0,0.0,0.0,0.1%,2023,24330,,,,,,,
104,C.J. Stroud (HOU),0,0,0.0,0,0.0,0,0,0,0,0,0,0,0,0.0,0.0,12.0%,2023,23071,156.0,C.J. Stroud HOU (7),QB22,136.0,168.0,184.0,162.7
105,Max Duggan (LAC),0,0,0.0,0,0.0,0,0,0,0,0,0,0,0,0.0,0.0,0.1%,2023,23121,,,,,,,
106,Adrian Martinez (DET),0,0,0.0,0,0.0,0,0,0,0,0,0,0,0,0.0,0.0,0.0%,2023,23040,,,,,,,
107,Will Levis (TEN),0,0,0.0,0,0.0,0,0,0,0,0,0,0,0,0.0,0.0,2.0%,2023,22987,271.0,Will Levis TEN (7),QB35,,279.0,238.0,258.5
108,Malik Cunningham (NE),0,0,0.0,0,0.0,0,0,0,0,0,0,0,0,0.0,0.0,0.0%,2023,22988,,,,,,,
109,Matt Corral (CAR),0,0,0.0,0,0.0,0,0,0,0,0,0,0,2,0.0,0.0,0.1%,2023,23028,,,,,,,
110,Stetson Bennett (LAR),0,0,0.0,0,0.0,0,0,0,0,0,0,0,0,0.0,0.0,0.8%,2023,23927,,,,,,,
111,Jaren Hall (MIN),0,0,0.0,0,0.0,0,0,0,0,0,0,0,0,0.0,0.0,0.1%,2023,24073,,,,,,,
112,Kellen Mond (CLE),0,0,0.0,0,0.0,0,0,0,0,0,0,0,0,0.0,0.0,0.0%,2023,19383,,,,,,,
113,Matt Barkley (BUF),0,0,0.0,0,0.0,0,0,0,0,0,0,0,1,0.0,0.0,0.1%,2023,11686,,,,,,,
114,Brett Smith (TB),0,0,0.0,0,0.0,0,0,0,0,0,0,0,0,0.0,0.0,0.0%,2023,12210,,,,,,,
115,Ben Chappell (WAS),0,0,0.0,0,0.0,0,0,0,0,0,0,0,0,0.0,0.0,0.0%,2023,10077,,,,,,,
116,Adam Froman (ATL),0,0,0.0,0,0.0,0,0,0,0,0,0,0,0,0.0,0.0,0.0%,2023,10969,,,,,,,
117,Hunter Cantwell (BAL),0,0,0.0,0,0.0,0,0,0,0,0,0,0,0,0.0,0.0,0.0%,2023,9761,,,,,,,
118,Erik Ainge (NYJ),0,0,0.0,0,0.0,0,0,0,0,0,0,0,0,0.0,0.0,0.0%,2023,9756,,,,,,,
119,Shane Buechele (KC),0,0,0.0,0,0.0,0,0,0,0,0,0,0,0,0.0,0.0,0.0%,2023,19376,,,,,,,
120,Alex McGough (GB),0,0,0.0,0,0.0,0,0,0,0,0,0,0,0,0.0,0.0,0.0%,2023,17630,,,,,,,
121,Mason Rudolph (PIT),0,0,0.0,0,0.0,0,0,0,0,0,0,0,0,0.0,0.0,0.0%,2023,17234,,,,,,,
122,Logan Woodside (ATL),0,0,0.0,0,0.0,0,0,0,0,0,0,0,1,0.0,0.0,0.0%,2023,17239,,,,,,,
123,Jake Fromm (WAS),0,0,0.0,0,0.0,0,0,0,0,0,0,0,0,0.0,0.0,0.0%,2023,19243,,,,,,,
124,Drew Lock (SEA),0,0,0.0,0,0.0,0,0,0,0,0,0,0,0,0.0,0.0,0.2%,2023,18225,,,,,,,
125,Will Grier (DAL),0,0,0.0,0,0.0,0,0,0,0,0,0,0,0,0.0,0.0,0.0%,2023,18241,,,,,,,
126,Easton Stick (LAC),0,0,0.0,0,0.0,0,0,0,0,0,0,0,0,0.0,0.0,0.1%,2023,18446,,,,,,,
127,Jake Browning (CIN),0,0,0.0,0,0.0,0,0,0,0,0,0,0,0,0.0,0.0,0.0%,2023,18557,,,,,,,
128,C.J. Beathard (JAC),7,11,63.6,35,3.2,0,1,1,4,-4,0,0,4,0.0,0.0,0.1%,2023,16419,,,,,,,
129,Nate Sudfeld (DET),0,0,0.0,0,0.0,0,0,1,5,-4,0,0,2,-0.4,-0.2,0.0%,2023,15833,,,,,,,
130,Chad Henne (FA),0,2,0.0,0,0.0,0,0,0,5,-5,0,0,3,-0.5,-0.2,0.1%,2023,9101,,,,,,,
131,Tim Boyle (NYJ),2,8,25.0,33,4.1,0,2,0,2,-2,0,0,1,-0.9,-0.9,0.0%,2023,17801,,,,,,,
